entry name,SRR12344553_trim_joined
Lys_Comb_1,1869
Lys_Comb_2,4
Ala_Cys_Comb_1,241
Ala_Val_Comb_1,178
Cys_Comb_1,202
Ala_Val_Comb_2,64
Val_Comb_1,1468
Cys_Comb_2,54
Ala_Comb_1,26
Pro_Comb_1,237
Ala_Comb_2,6
Lys_Comb_3,9
Lys_Comb_4,48
Gln_Comb_1,1
Gln_Comb_2,1
Arg_Asn_Comb_1,2
Gln_Comb_3,319
Lys_Comb_5,2005
Val_Comb_2,24839
Lys_Comb_6,157
Leu_Comb_1,19
Gly_Comb_1,505
Val_Comb_3,154
Gln_Comb_4,82
Ser_Comb_1,245
Ser_Comb_2,1
Arg_Comb_1,82
Glu_Comb_1,3
Glu_Comb_2,88
Leu_Comb_2,0
Leu_Comb_3,2
Gly_Comb_2,1208
Lys_Comb_7,199
Pro_Comb_2,46
Cys_Comb_3,54
Val_Comb_4,10
Tyr_Comb_1,52
Ala_Comb_3,0
Leu_Comb_4,45
Lys_Comb_8,3883
Ile_Comb_1,7
Gly_Comb_3,0
Ile_Comb_2,13
Gly_Comb_4,475891
Gln_Comb_5,662
Gln_Comb_6,44
Asn_Comb_1,24
Arg_Comb_2,65
Pro_Comb_3,7
Ala_Comb_4,22
Val_Comb_5,152
Leu_Comb_5,642
Leu_Comb_6,26
Pro_Comb_4,951
Pro_Comb_5,1
Met_Comb_1,2
Val_Comb_6,43
Arg_Comb_3,28
Lys_Comb_9,9
Ile_Comb_3,59
Gln_Comb_7,255
Gln_Comb_8,0
Arg_Comb_4,2
Thr_Comb_1,13
Ile_Comb_4,1
Ile_Comb_5,0
Lys_Comb_10,14
Thr_Comb_2,111
Arg_Comb_5,2
Tyr_Comb_2,27
Tyr_Comb_3,1
Gly_Asp_Comb_1,95
Thr_Comb_3,1
Gly_Comb_5,0
Ser_Comb_3,7
Val_Comb_7,13
Trp_Comb_1,10
Gly_Comb_6,0
Arg_Comb_6,25
Met_Comb_2,0
Asp_Comb_1,23
Arg_Comb_7,0
Ala_Comb_5,30
Val_Comb_8,14
Ser_Comb_4,76
Leu_Met_Comb_1,44
Glu_Comb_3,5525
Gly_Comb_7,215
Arg_Comb_8,30
Gln_Comb_9,56
Arg_Comb_9,263
Arg_Comb_10,357
Arg_Comb_11,29
Asp_Comb_2,44
Glu_Comb_4,43
Gly_Comb_8,88
Glu_Comb_5,0
Arg_Comb_12,2
Lys_Comb_11,4
Gly_Comb_9,310
Phe_Comb_1,4
Val_Comb_9,104
Asp_Comb_3,64
Glu_Comb_6,0
Leu_Comb_7,42
Asn_Comb_2,11
Asn_Comb_3,2
Thr_Comb_4,33
Leu_Comb_8,254
Thr_Comb_5,20
Trp_Comb_2,22
Leu_Comb_9,20
Cys_Comb_4,1
Gly_Comb_10,158
Gln_Comb_10,20
Leu_Comb_10,6
SeC_Comb_1,42
Leu_Comb_11,52
Leu_Comb_12,7
Met_Comb_3,63
Val_Comb_10,37
Trp_Comb_3,19
Glu_Comb_7,34
Asp_Comb_4,91
Met_Leu_Comb_1,2
Asn_Comb_4,11
Trp_Comb_4,89
Ser_Comb_5,1
iMet_Comb_1,45
Tyr_Comb_4,37
Asp_Comb_5,1
Tyr_Comb_5,12
Cys_Comb_5,29
Glu_Comb_8,20
Gly_Comb_11,0
Asn_Comb_5,1
Val_Comb_11,0
Phe_Comb_2,22
Lys_Comb_12,13
Met_Comb_4,24
Lys_Comb_13,3
Gly_Comb_12,32
Glu_Comb_9,375
Arg_Comb_13,3
Glu_Comb_10,26
Thr_Comb_6,1
Lys_Comb_14,2
Glu_Comb_11,687
Met_Comb_5,0
Trp_Comb_5,3
SeC_Comb_2,11
Phe_Comb_3,0
Phe_Comb_4,0
Phe_Comb_5,33
Phe_Comb_6,0
Phe_Comb_7,0
Phe_Comb_8,1
Phe_Comb_9,0
Leu_Comb_13,5
Trp_Comb_6,0
Trp_Comb_7,0
Trp_Comb_8,0
Trp_Comb_9,3
Val_Comb_12,7
Val_Comb_13,0
Gly_Comb_13,213
Gly_Comb_14,5
Glu_Comb_12,41
Glu_Comb_13,4
Glu_Comb_14,813
Glu_Comb_15,14
Glu_Comb_16,679
Val_Comb_14,0
Val_Comb_15,0
Trp_Comb_10,91
Gln_Comb_11,0
Gln_Comb_12,9
Ala_Comb_6,0
Arg_Comb_14,0
Arg_Comb_15,0
Cys_Comb_6,0
Arg_Comb_16,15
Arg_Comb_17,62
Arg_Comb_18,26
Arg_Comb_19,4
Arg_Comb_20,1
Asp_Comb_6,0
Asp_Comb_7,0
Asp_Comb_8,0
Val_Comb_16,0
Arg_Comb_21,38
Arg_Comb_22,0
Pro_Comb_6,934
Phe_Comb_10,117
Phe_Comb_11,4
Phe_Comb_12,69
Asn_Comb_6,1
Asn_Comb_7,0
Met_Comb_6,0
Arg_Comb_23,9
Arg_Comb_24,4
Arg_Comb_25,2
Arg_Comb_26,0
Ile_Comb_6,1
Ile_Comb_7,0
Ile_Comb_8,0
Ile_Comb_9,0
Ile_Comb_10,0
Ile_Comb_11,0
Ile_Comb_12,0
Gly_Comb_15,3
Gly_Comb_16,0
Gly_Comb_17,0
Gly_Comb_18,0
Leu_Comb_14,69
Leu_Comb_15,138
Ile_Comb_13,0
Ile_Comb_14,12
Arg_Comb_27,0
Leu_Comb_16,0
Glu_Comb_17,184
Ser_Comb_6,4
Pro_Comb_7,0
Leu_Comb_17,1
Leu_Comb_18,4
Thr_Comb_7,3
Thr_Comb_8,1
Ala_Comb_7,32
Ala_Comb_8,352
Glu_Comb_18,12
Glu_Comb_19,1
Glu_Comb_20,24
Glu_Comb_21,21
Glu_Comb_22,0
Ser_Comb_7,0
Gln_Comb_13,0
Ile_Comb_15,2
Ile_Comb_16,7
Ile_Comb_17,5
Glu_Comb_23,3
Ser_Comb_8,5
Ser_Comb_9,2
Thr_Comb_9,15
Thr_Comb_10,2
Thr_Comb_11,16
Thr_Comb_12,0
Thr_Comb_13,0
Thr_Comb_14,0
Phe_Comb_13,2
Glu_Comb_24,0
Tyr_Comb_6,1
Gly_Comb_19,1
Gly_Comb_20,3
Gly_Comb_21,0
Val_Comb_17,0
Lys_Comb_15,0
Lys_Comb_16,39
Leu_Ser_Comb_1,17
Leu_Comb_19,2
Leu_Comb_20,0
Ile_Comb_18,0
Tyr_Comb_7,3
Leu_Comb_21,0
Leu_Comb_22,0
Ser_Comb_10,3
Lys_Comb_17,0
Ile_Comb_19,0
His_Comb_1,0
His_Comb_2,2
His_Comb_3,0
His_Comb_4,35
His_Comb_5,15
His_Comb_6,1
Ser_Comb_11,0
Ser_Comb_12,48
Ser_Comb_13,0
Arg_Comb_28,94
Arg_Comb_29,91
Arg_Comb_30,2
Arg_Comb_31,0
Leu_Comb_23,0
Leu_Comb_24,1
Leu_Comb_25,0
Leu_Comb_26,2
Leu_Comb_27,0
Leu_Comb_28,0
Leu_Comb_29,0
Leu_Comb_30,0
Leu_Comb_31,1
Leu_Comb_32,3
Asn_Comb_8,0
Ser_Comb_14,0
Val_Comb_18,7
Val_Comb_19,0
Ala_Comb_9,0
Ala_Comb_10,2
Asp_Comb_9,0
Leu_Comb_33,1
Leu_Comb_34,1
Leu_Comb_35,0
Leu_Comb_36,0
Ser_Comb_15,4
Ser_Comb_16,16
Ser_Comb_17,1
Ser_Comb_18,1
Ser_Comb_19,1
Ser_Comb_20,29
Ile_Comb_20,0
Ile_Comb_21,4
Ile_Comb_22,0
Ser_Comb_21,0
Val_Comb_20,7
Val_Comb_21,2
Val_Comb_22,2
Val_Comb_23,0
Val_Comb_24,0
Ala_Comb_11,1
Ser_Comb_22,41
Arg_Comb_32,4
Arg_Comb_33,8
Arg_Comb_34,0
Val_Comb_25,0
SeC_Comb_3,134
SeC_Comb_4,8
SeC_Comb_5,16
SeC_Comb_6,114
SeC_Comb_7,27
SeC_Comb_8,9
SeC_Comb_9,0
Thr_Comb_15,3
Thr_Comb_16,0
Thr_Comb_17,0
Leu_Comb_37,0
Thr_Comb_18,0
Arg_Comb_35,0
Val_Comb_26,5
Val_Comb_27,1007
Gln_Comb_14,1
Ala_Comb_12,0
Lys_Comb_18,0
Lys_Comb_19,0
Ser_Comb_23,0
Thr_Comb_19,0
Thr_Comb_20,7
Thr_Comb_21,0
Trp_Comb_11,4
Trp_Comb_12,0
Cys_Comb_7,0
Glu_Comb_25,38
Glu_Comb_26,0
His_Comb_7,23
His_Comb_8,119
His_Comb_9,1435
His_Comb_10,2
His_Comb_11,10
His_Comb_12,50
His_Comb_13,193
His_Comb_14,3
His_Comb_15,4
His_Comb_16,0
His_Comb_17,0
Thr_Comb_22,1
Ala_Comb_13,0
Ala_Comb_14,0
Ala_Comb_15,0
Ala_Comb_16,1
Ala_Comb_17,0
Ala_Comb_18,0
His_Comb_18,0
His_Comb_19,0
Gly_Comb_22,4
Val_Comb_28,6
Val_Comb_29,0
Val_Comb_30,62
Val_Comb_31,1
Val_Comb_32,0
Val_Comb_33,0
Val_Comb_34,18
Val_Comb_35,0
Val_Comb_36,34
Val_Comb_37,14
Val_Comb_38,17
Lys_Comb_20,2
Tyr_Comb_8,0
Cys_Comb_8,9
Trp_Comb_13,0
Cys_Comb_9,10
Cys_Comb_10,5
Cys_Comb_11,8
Gly_Comb_23,26
Gly_Comb_24,729
Gly_Comb_25,523
Gly_Comb_26,21
Gly_Comb_27,1
Gly_Comb_28,2
Gly_Comb_29,63
Gly_Comb_30,34
Leu_Comb_38,0
Val_Comb_39,0
Lys_Comb_21,8
Lys_Comb_22,96
Lys_Comb_23,0
Leu_Comb_39,1
Leu_Comb_40,2
Leu_Comb_41,2
Leu_Comb_42,1
Leu_Comb_43,10
Leu_Comb_44,0
Pro_Comb_8,2
Pro_Comb_9,0
Pro_Comb_10,1
Pro_Comb_11,0
Pro_Comb_12,2
Pro_Comb_13,0
Pro_Comb_14,0
Pro_Comb_15,0
Pro_Comb_16,1
Pro_Comb_17,0
Pro_Comb_18,1
Arg_Comb_36,0
Met_Comb_7,0
Met_Comb_8,7
Met_Comb_9,143
Met_Comb_10,0
Met_Comb_11,0
Met_Comb_12,1
Met_Comb_13,3
Met_Comb_14,0
Ala_Comb_19,0
Arg_Comb_37,0
Pro_Comb_19,0
Pro_Comb_20,116
Thr_Comb_23,1
Lys_Comb_24,6
Lys_Comb_25,0
Lys_Comb_26,4
Lys_Comb_27,16
iMet_Comb_2,3302
iMet_Comb_3,32
iMet_Comb_4,260
iMet_Comb_5,61
iMet_Comb_6,1
iMet_Comb_7,12
iMet_Comb_8,0
iMet_Comb_9,0
iMet_Comb_10,0
Pro_Comb_21,0
Gln_Comb_15,0
Gln_Comb_16,0
Gln_Comb_17,23
Gln_Comb_18,0
Gln_Comb_19,3
Gln_Comb_20,2
Gln_Comb_21,0
Gln_Comb_22,2
Gly_Comb_31,0
Gly_Comb_32,0
Gly_Comb_33,0
His_Comb_20,0
His_Comb_21,0
His_Comb_22,0
Thr_Comb_24,0
His_Comb_23,0
His_Comb_24,0
Ser_Comb_24,0
Ser_Comb_25,0
Ser_Comb_26,25
Ser_Comb_27,0
Met_Comb_15,1
Tyr_Comb_9,0
Tyr_Comb_10,0
Tyr_Comb_11,0
Tyr_Comb_12,2
Tyr_Comb_13,0
Tyr_Comb_14,9
Pro_Comb_22,0
Arg_Comb_38,0
Arg_Comb_39,2
Arg_Comb_40,2
Arg_Comb_41,0
Arg_Comb_42,0
Val_Comb_40,152
Thr_Comb_25,0
Arg_Comb_43,0
Arg_Comb_44,0
Arg_Comb_45,12
Ala_Comb_20,0
Ala_Comb_21,0
Phe_Comb_14,9
Ile_Comb_23,0
Phe_Comb_15,0
Thr_Comb_26,0
Thr_Comb_27,0
Thr_Comb_28,0
Thr_Comb_29,0
Gly_Comb_34,0
Gly_Comb_35,0
Gly_Comb_36,0
Gly_Comb_37,2
Gly_Comb_38,0
Gly_Comb_39,0
Gly_Comb_40,0
Gly_Comb_41,0
Gly_Comb_42,2
Arg_Comb_46,40
Arg_Comb_47,16
Arg_Comb_48,0
Arg_Comb_49,0
Arg_Comb_50,0
Arg_Comb_51,0
Asn_Comb_9,0
Asn_Comb_10,0
Asn_Comb_11,3
Asn_Comb_12,0
Asn_Comb_13,2
Asn_Comb_14,0
Asn_Comb_15,0
Asn_Comb_16,0
Asp_Comb_10,3
Asp_Comb_11,0
Asp_Comb_12,2
Asp_Comb_13,0
Asp_Comb_14,0
Arg_Comb_52,0
Arg_Comb_53,0
Arg_Comb_54,0
Arg_Comb_55,0
Gln_Comb_23,0
Ser_Comb_28,0
Leu_Comb_45,0
Glu_Comb_27,1
Glu_Comb_28,3
Glu_Comb_29,0
Glu_Comb_30,0
Glu_Comb_31,3
Glu_Comb_32,0
Glu_Comb_33,40
Glu_Comb_34,5
Glu_Comb_35,3
Glu_Comb_36,1
Ser_Comb_29,19
Gln_Comb_24,35
Gln_Comb_25,0
Lys_Comb_28,0
