tRF_sequence	Read_counts
AAAAAGTCATGGAGGCC	24
AAAACATCAGATTGTGAATCTGACAACAGAGGCTTACG	2
AAAATGTTGGTTATACCCTTCCCGTACTACCA	1
AAAATGTTTAGACGGGC	1
AAAATGTTTAGACGGGCTCACA	1
AAAATGTTTAGACGGGCTCACATCACCC	1
AAACATCAGATTGTGAATCTGACAACAGAGGCTTACGACCCC	1
AAACCGGGCGGAAACAC	1
AAACCGGGCGGAAACACC	2
AAACCGGGCGGAAACACCA	21
AAAGGTCCCCGGTTCGAAACCGGGCGGAAA	2
AAATCACGTCGGGGTCACCA	2
AAATCCCGGACGAGCC	1
AAATCCCGGACGAGCCC	1
AAATCCCGGACGAGCCCC	7
AAATCCCGGACGAGCCCCCA	1
AAATGGTAGAGCGCTCGC	2
AAATGTTGGTTATACCCTTCCCGTACT	2
AAATGTTTAGACGGGCTCACATCACCCCATAAA	1
AACAGAGGCTTACGAC	2
AACAGCTATCCATTGGTC	2
AACATCAGATTGTGAATCTGACAACAGAGGCTTACG	4
AACCATCCTCTGCTACCA	2
AACCCAGAGGTCGATGGATCG	3
AACCCAGAGGTCGATGGATCGA	3
AACCGGGCAGAAGCACC	1
AACCGGGCAGAAGCACCA	18
AACCGGGCGGAAACAC	85
AACCGGGCGGAAACACC	32
AACCGGGCGGAAACACCA	364
AACTTAACTTGACCGCTCTGACC	2
AACTTACACTTAGGAGATTTCAACTTAACTTGACCGCTCTGACCA	1
AACTTGACCGCTCTGAC	1
AACTTGACCGCTCTGACC	2
AACTTGACCGCTCTGACCA	14
AAGAACTGCTAACTCATGCCCCCATGTC	2
AAGAACTGCTAACTCATGCCCCCATGTCTAACA	2
AAGAACTGCTAACTCATGCCCCCATGTCTAACAACA	1
AAGAACTGCTAACTCATGCCCCCATGTCTAACAACATGG	1
AAGATTCTAGGTTCGACTCCTGGCTG	3
AAGATTGAGGGTTCGAGTCCCTTCGTGGTCGCCA	3
AAGCAATACACTGAAAATGTTTAGACGGGCT	1
AAGGATAACAGCTATCCATTGGTC	5
AAGGCTGCGTGTTCGAATC	3
AAGGCTGCGTGTTCGAATCACGTC	1
AAGGTCCCCGGTTCGAAAC	2
AAGGTCCCCGGTTCGATCCCGGGCGGAAAC	2
AAGGTCGTGAGTTCGATCC	1
AAGGTCGTGAGTTCGATCCTCACACGGGGCAC	2
AAGTCCCTGTTCGGGCG	1
AATCCAGCGATCCGAGTTC	13
AATCCAGCGATCCGAGTTCAAA	1
AATCCCACCCTCGTCGCCA	1
AATCCCATCCTCGTCGC	1
AATCCCATCCTCGTCGCC	3
AATCCCATCCTCGTCGCCA	19
AATCTCGGTGGAACCTCCA	1
AATCTCGGTGGGACCTC	2
AATGGAGGCGTGGGTTCGAATCCCACTTCTGACA	2
AATGGAGGCGTGGGTTCGAATCCCACTTCTGACACCA	1
AATGGATAAGGCATCAGC	1
AATGGATAAGGCATCAGCCT	3
AATGGATAAGGCATTGGCCTCCTAAGCCA	1
AATGGATAAGGCGTCTGA	3
AATGGATAGCGCATTGGACTTCTAATTCAAAGGTTCCGGGT	3
AATGGTAGAGCGCTCGC	6
AATGGTAGCGCGTCTGACTC	2
AATGGTTAGCACTCTGGACTCTGAAT	1
AATGGTTAGCACTCTGGACTCTGAATCCA	3
AATGGTTAGCACTCTGGACTCTGAATCCAGC	2
AATGGTTAGCACTCTGGACTCTGAATCCAGCG	2
AATGGTTAGCACTCTGGACTCTGAATCCAGCGATCCGAGT	4
AATGGTTAGCACTCTGGACTTTGAA	1
AATGGTTAGCACTCTGGACTTTGAATCCA	3
AATGGTTAGCACTCTGGACTTTGAATCCAGCGATCCGAGT	1
AATGGTTAGCACTCTGGACTTTGAATCCAGCGATCCGAGTT	1
AATGTTTAGACGGGCTC	1
AATTCTCGCCTGCCACG	5
AATTCTCGCCTGCCACGC	3
AATTCTCGCCTGCCACGCGGGAGGCCCGGGT	2
AATTCTCGCTGGGGCCTCCA	2
ACAAGAACTGCTAACTCATGCCCCCATGTCT	1
ACAAGAACTGCTAACTCATGCCCCCATGTCTAACAACATGG	1
ACAAGAACTGCTAACTCATGCCCCCATGTCTAACAACATGGCT	1
ACACGCAGAAGGTCCTGGG	1
ACACGCAGAAGGTCCTGGGTTCGAGCCCCAGTGGAACCACC	1
ACAGCTATCCATTGGTC	1
ACAGGAGATCCTGGGTTCGAATCCCAGCGGTGCCT	3
ACAGGAGATCCTGGGTTCGAATCCCAGCGGTGCCTC	1
ACATGGTCTAGCGGTTAGGATTCC	1
ACCAGGATGGCCGAGTGG	3
ACCAGGATGGCCGAGTGGTTAA	1
ACCCAGAGGTCGATGGATCG	1
ACCCAGGCGGCCCGGGTTCGACTCCCGGTGTG	2
ACCCCGTCCGTGCCTCC	2
ACCCTGCTCGCTGCGC	7
ACCCTGCTCGCTGCGCC	4
ACCCTGCTCGCTGCGCCA	27
ACCGCCGCGGCCCGGGTTCGA	3
ACCGCCGCGGCCCGGGTTCGATTCCCGGTCAGGGAAC	1
ACCGGGCAGAAGCACC	2
ACCGGGCAGAAGCACCA	3
ACCGGGCGGAAACACC	42
ACCGGGCGGAAACACCA	502
ACCGGGGTTCGATTCCCCGACGGGGAGCC	3
ACGCAGAAGGTCCTGGGTTCGAGCCCCAGTGGAACC	1
ACGCAGAAGGTCCTGGGTTCGAGCCCCAGTGGAACCACC	1
ACGCAGAAGGTCCTGGGTTCGAGCCCCAGTGGAACCACCA	2
ACGCGAAAGGTCCCCGGT	2
ACGCGAAAGGTCCCCGGTTCG	1
ACGCGAAAGGTCCCCGGTTCGAAACCGGGCGGAAACACCA	2
ACGCGGGAGACCGGGGTTCGATTCCCCGACGGGGAGC	2
ACGGTAGCGCGTCTGAC	1
ACTCAAGTTCTGGTCTCC	1
ACTCCCGGTGTGGGAAC	1
ACTCCCGGTGTGGGAACCA	1
ACTCTGCGTTGTGGCCG	2
ACTCTGGACTCTGAATCCAGCGATCCG	1
ACTCTGGACTCTGAATCCAGCGATCCGAGT	7
ACTGGTGGTTCAGTGGTAGAATTCTCGC	1
ACTTAACTTGACCGCTCTGACC	1
ACTTAACTTGACCGCTCTGACCA	2
ACTTAGGAGATTTCAACTTAACTTGACCGCTCTGACC	2
ACTTCGGATCAGAAGATTGCAGGTTCGAGTCCTGCCGCGGTCG	2
ACTTCTAATTCAAAGGTTCCGGGT	1
ACTTCTAATTCAAAGGTTCCGGGTT	2
ACTTGACCGCTCTGACC	5
ACTTGACCGCTCTGACCA	10
ACTTTGAATCCAGCGATCCG	4
ACTTTGAATCCAGCGATCCGAG	2
ACTTTGAATCCAGCGATCCGAGT	6
ACTTTGAATCCAGCGATCCGAGTT	3
AGAAAGCTCACAAGAACTGCTAACTCATGCCC	1
AGAACTGCTAACTCATGCCCCCATGTC	2
AGAACTGCTAACTCATGCCCCCATGTCTAACAACATGG	1
AGAACTGCTAACTCATGCCCCCATGTCTAACAACATGGCT	2
AGAAGATTCCAGGTTCGACTCCTG	1
AGAAGATTGAGGGTTCGAGTCCCTTCGTGGTCGCCA	3
AGAAGATTGCAGGTTCG	2
AGAAGATTGCAGGTTCGAGTCCTGCCGCGGTCGCC	1
AGAAGATTGCAGGTTCGAGTCCTGCCGCGGTCGCCA	2
AGAAGGCTGCGTGTTC	4
AGAAGGCTGCGTGTTCGAATCACGTCGGGGTCACCA	2
AGAATTCTCGCCTGCCACG	4
AGACAGGGGTTAGGCCT	1
AGACCGGGGTTCGATTCCCCGACGGGGAGC	1
AGAGGTCCCGGGTTCAAATCCCGGACG	1
AGAGGTCCCTGGTTCAAATCCG	2
AGAGGTCGATGGATCGAAACC	5
AGAGGTCGATGGATCGAAACCA	2
AGAGTGGCGCAGCGGAAG	2
AGAGTGGCGCAGCGGAAGCGTGCTGGGC	17
AGAGTGGGGTTTTGCAGTC	5
AGAGTTACTTTGATAGAGTAAATAATAGGAGCTTAAACCC	2
AGATCAAGAGGTCCCCGGT	2
AGATCAGAAGGCTGCGTGTTCGAATCA	2
AGATCCTGGGTTCGAATCCCAGCGGTGCCTCCA	2
AGATTCCAGGTTCGAC	2
AGATTCTAGGTTCGACT	2
AGATTCTAGGTTCGACTC	8
AGATTTCAACTTAACTTGACCGCTCTGACCA	9
AGCACTCTGGACTCTGAATCCAGCGATCCGAGTTCA	6
AGCAGAGTGGCGCAGCGGAAG	17
AGCAGAGTGGCGCAGCGGAAGCG	8
AGCAGAGTGGCGCAGCGGAAGCGTGCTGGG	3
AGCAGAGTGGCGCAGCGGAAGCGTGCTGGGC	1265
AGCAGAGTGGCGCAGCGGAAGCGTGCTGGGCCCATAACCCAGA	1
AGCCGTGATCGTATAG	1
AGCCGTGATCGTATAGTGGTT	1
AGCCGTGATCGTATAGTGGTTA	19
AGCCGTGATCGTATAGTGGTTAG	1
AGCCGTGATCGTATAGTGGTTAGTACTCTGC	1
AGCCGTGATCGTATAGTGGTTAGTACTCTGCGT	1
AGCCGTGATCGTATAGTGGTTAGTACTCTGCGTT	3
AGCGGAAGCGTGCTGGGC	1
AGCGGAAGCGTGCTGGGCCC	5
AGCGGAAGCGTGCTGGGCCCATA	1
AGCGGAAGCGTGCTGGGCCCATAAC	1
AGCGGTCTAAGGCGCTGGATT	3
AGCGTGCTGGGCCCATAACCCAGAGGTCGATGGATC	1
AGCTCACAAGAACTGCTAACTCATGCCCCCA	2
AGCTCAGTCGATAGAG	1
AGCTCAGTCGGTAGAGCATCAGAC	4
AGCTCAGTCGGTAGAGCATGGGAC	1
AGCTCAGTCGGTAGAGCATGGGACT	3
AGCTCAGTCGGTAGAGCATGGGACTC	2
AGCTCCGAGGTGATTTTCATATTG	1
AGGAGATTTCAACTTAACTTGACCGCTCTGAC	1
AGGAGATTTCAACTTAACTTGACCGCTCTGACC	2
AGGAGATTTCAACTTAACTTGACCGCTCTGACCA	5
AGGATAACAGCTATCCATTGGTC	5
AGGATGGCCGAGTGGTCTAAG	4
AGGATGGCCGAGTGGTCTAAGGC	3
AGGATTCCTGGTTTTCACCCAGGTG	3
AGGATTCGGCGCTCTCA	2
AGGATTCGGCGCTCTCAC	2
AGGATTCGGCGCTCTCACC	3
AGGATTCGGCGCTCTCACCG	2
AGGATTCGGCGCTCTCACCGCC	24
AGGATTCGGCGCTCTCACCGCCGCGGCCC	27
AGGATTCGGCGCTCTCACCGCCGCGGCCCG	1
AGGATTCGGCGCTCTCACCGCCGCGGCCCGGGT	4
AGGCCCCGGGTTCGATCCCCGG	2
AGGCGGCCCGGGTTCGACTCCCGGTG	2
AGGCGGCCCGGGTTCGACTCCCGGTGT	1
AGGCGGCCCGGGTTCGACTCCCGGTGTG	7
AGGCGGCCCGGGTTCGACTCCCGGTGTGGGAACCA	3
AGGCTGCGTGTTCGAATC	3
AGGCTGCGTGTTCGAATCA	2
AGGCTGCGTGTTCGAATCACG	3
AGGCTGCGTGTTCGAATCACGTCGGG	3
AGGCTGCGTGTTCGAATCACGTCGGGG	2
AGGGATTGTGGGTTCG	1
AGGGATTGTGGGTTCGAGTCCC	2
AGGGATTGTGGGTTCGAGTCCCA	1
AGGGATTGTGGGTTCGAGTCCCATC	3
AGGGATTGTGGGTTCGAGTCCCATCT	1
AGGGATTGTGGGTTCGAGTCCCATCTGGGGTGCC	1
AGGGATTGTGGGTTCGAGTCCCATCTGGGGTGCCA	10
AGGGGTATGATTCTCGGT	3
AGGGGTCGCGAGTTCAAATCTCGCTGGGGCCTC	1
AGGGTCCAGGGTTCAAGTCCCTGTTCGGGCGCCA	3
AGGGTCGTGGGTTCGAGCCCCACG	3
AGGGTCGTGGGTTCGAGCCCCACGTTGGGC	2
AGGGTCGTGGGTTCGAGCCCCACGTTGGGCG	4
AGGGTCGTGGGTTCGAGCCCCACGTTGGGCGCCA	4
AGGGTTCAAGTCCCTGTTCGGGCGCCA	31
AGGTCCCCGGTTCGAAAC	1
AGGTCCCCGGTTCGAAACC	1
AGGTCCCCGGTTCGAAACCG	4
AGGTCCCTGGTTCGATCCC	2
AGGTCCCTGGTTCGATCCCGGGTTTCGGCACCA	2
AGGTCCTGGGTTCAATC	2
AGGTCGATGGATCGAAAC	1
AGGTCGATGGATCGAAACC	1
AGGTCGATGGATCGAAACCA	2
AGGTCGCGGGTTCGAACCC	1
AGGTCGCGGGTTCGATCCCCGTACGGGCCA	4
AGGTCGCTGGTTCGAATCCGGCTCGAAGGACCA	6
AGGTGGCCCGGGTTCGACTC	1
AGGTTCCGGGTTCGAGTC	1
AGGTTCCGGGTTCGAGTCCCGGCGGAGTC	4
AGGTTCGAACCCTGCTCGCTGCGCC	1
AGGTTCGAACCCTGCTCGCTGCGCCA	4
AGGTTGTGGGTTCGAGTCCC	1
AGGTTGTGGGTTCGAGTCCCACCAGAGTCGCC	2
AGTAGGTAGCGCATCAGTC	9
AGTAGGTAGCGCATCAGTCT	4
AGTAGGTAGCGCGTCAGTC	1
AGTATCCCCGCCTGTCAC	3
AGTATCCCCGCCTGTCACGC	5
AGTCGGTAGAGCATCA	2
AGTCGGTAGAGCATCAGA	16
AGTCGGTAGAGCATCAGAC	20
AGTCGGTAGAGCATCAGACT	7
AGTCGGTAGAGCATGAGACTCTTAATC	1
AGTCGGTAGAGCATGAGACTCTTAATCTC	4
AGTCGGTAGAGCATGAGACTCTTAATCTCAGGGTCGTGGGT	2
AGTCGGTAGAGCATGGGA	5
AGTCGGTAGAGCATGGGAC	139
AGTCGGTAGAGCATGGGACT	24
AGTCGGTAGAGCATGGGACTC	66
AGTCGGTAGAGCATGGGACTCT	1
AGTCGGTAGAGCATGGGACTCTTAATC	2
AGTCGGTAGAGCATGGGACTCTTAATCC	10
AGTCGGTAGAGCATGGGACTCTTAATCCC	11
AGTCTCATAATCTGAAGGTCCTGAGTTCGAACCT	3
AGTGGTAGAATTCTCGCCTGCCACGCGGGA	1
AGTGGTAGAGCATTTGACTGCAGATCAAG	1
AGTGGTAGAGCGCGTGC	1
AGTGGTATGATTCTCGCT	1
AGTGGTTAGGATTCGGCG	19
AGTGGTTAGGATTCGGCGC	10
AGTGGTTAGGATTCGGCGCTC	3
AGTGGTTAGGATTCGGCGCTCTCAC	5
AGTGGTTAGGATTCGGCGCTCTCACC	6
AGTGGTTAGGATTCGGCGCTCTCACCGC	2
AGTGGTTAGGATTCGGCGCTCTCACCGCC	96
AGTGGTTAGGATTCGGCGCTCTCACCGCCGC	1
AGTGGTTAGGATTCGGCGCTCTCACCGCCGCG	3
AGTGGTTAGGATTCGGCGCTCTCACCGCCGCGGCC	1
AGTGGTTAGGATTCGGCGCTCTCACCGCCGCGGCCC	242
AGTGGTTAGGATTCGGCGCTCTCACCGCCGCGGCCCG	3
AGTGGTTAGGATTCGGCGCTCTCACCGCCGCGGCCCGGG	1
AGTGGTTAGGATTCGGCGCTCTCACCGCCGCGGCCCGGGT	12
AGTGGTTAGTACTCTGCG	3
AGTGGTTAGTACTCTGCGT	14
AGTGGTTAGTACTCTGCGTT	6
AGTGGTTAGTACTCTGCGTTGT	6
AGTGGTTAGTACTCTGCGTTGTGGCC	3
AGTGGTTAGTACTCTGCGTTGTGGCCG	1
AGTGGTTAGTACTCTGCGTTGTGGCCGCAGCAACC	1
AGTGGTTAGTACTCTGCGTTGTGGCCGCAGCAACCT	7
AGTGGTTATCACGTCTGC	1
AGTGTTTGTGGGTTTAAGTCCCATTGGTCTAGC	2
AGTTCAAATCTCGGTGGAACCTC	1
AGTTCAAATCTCGGTGGGACC	2
AGTTCTGGTCTCCGGATGGAG	1
AGTTCTGGTCTCCGGATGGAGG	2
ATAACCCAGAGGTCGATGGATCG	10
ATAAGGCGTCTGACTT	1
ATAATGCCGAGGTTGTGAGTTC	8
ATAGCGCATTGGACTTCTAATTCA	1
ATAGCTCAGCTGGGAGA	3
ATAGCTCAGTCGGTAGAGCATCAGAC	11
ATAGTGGTTAGTACTCTGCGTT	2
ATAGTGGTTAGTACTCTGCGTTGTGGCCGCAGCAACC	1
ATATCATTGGTCGTGGTTGTAGTCCGTGCGAGAA	2
ATATCATTGGTCGTGGTTGTAGTCCGTGCGAGAATACCA	4
ATCCAGCGATCCGAGTTC	1
ATCCAGCGATCCGAGTTCAAA	1
ATCCCACCCTCGTCGCCA	4
ATCCCACCGCTGCCACC	11
ATCCCACCGCTGCCACCA	18
ATCCCACCTTCGTCGCCA	1
ATCCCATCCTCGTCGCC	3
ATCCCATCCTCGTCGCCA	10
ATCCCGGGTTTCGGCACCA	2
ATCCGGCTCGAAGGAC	1
ATCCGGCTCGAAGGACC	3
ATCCGGGTGCCCCCTC	12
ATCCGGGTGCCCCCTCCA	1
ATCCTGCCGACTACGCC	3
ATCCTGCCGACTACGCCA	15
ATCTAAAGGTCCCTGGTTCGA	1
ATCTAAAGGTCCCTGGTTCGATCCCGGGTTTCGGCA	2
ATCTAAAGGTCCCTGGTTCGATCCCGGGTTTCGGCACCA	2
ATCTCGGTGGAACCTCCA	5
ATCTGAAGGTCCTGAGTTCGAACCTCAGAGGGGGCA	1
ATCTGAGGGTCCAGGGTTCAAGTCCCTGTTCGGGCGCCA	10
ATGAAAACCTTTTTCCAAGGACA	1
ATGAGGCCCCGGGTTCGATCCC	1
ATGAGGCCCCGGGTTCGATCCCCGGCA	1
ATGATTCTCGCTTTGGGTGCGAGA	1
ATGCCCGCATCCTCCACCA	2
ATGGAGGCGTGGGTTCGAATCCCACTTCTGACACC	2
ATGGATAAGGCATCAGCCT	1
ATGGATAAGGCATCAGCCTC	1
ATGGATAAGGCATCAGCCTCCGGAGCTGG	1
ATGGATAAGGCATCAGCCTCCGGAGCTGGGGATTGT	3
ATGGATAAGGCGTCTGA	11
ATGGATAAGGCGTCTGAC	1
ATGGATCGAAACCATCCTCTGCTACCA	1
ATGGGTGGTTCAGTGGTAGAATTCTC	3
ATGGGTGGTTCAGTGGTAGAATTCTCGC	22
ATGGGTGGTTCAGTGGTAGAATTCTCGCC	13
ATGGTAGAGCGCTCGC	161
ATGGTAGAGCGCTCGCT	1
ATGGTCTAGCGGTTAGGATTCCT	2
ATGGTGTAATGGTTAGCACTCTGGACTCTGAATCCAGCGATCCGAG	1
ATGGTTAGCACTCTGGACTCTGAAT	28
ATGGTTAGCACTCTGGACTCTGAATC	7
ATGGTTAGCACTCTGGACTCTGAATCC	3
ATGGTTAGCACTCTGGACTCTGAATCCA	1
ATGGTTAGCACTCTGGACTCTGAATCCAGC	3
ATGGTTAGCACTCTGGACTCTGAATCCAGCGATCCGAG	2
ATGGTTAGCACTCTGGACTTTGAAT	2
ATGGTTAGCACTCTGGACTTTGAATC	3
ATGGTTAGCACTCTGGACTTTGAATCC	2
ATGTTTAGACGGGCTC	6
ATGTTTAGACGGGCTCA	1
ATGTTTAGACGGGCTCACA	6
ATGTTTAGACGGGCTCACATCA	3
ATGTTTAGACGGGCTCACATCACCC	4
ATGTTTAGACGGGCTCACATCACCCC	3
ATGTTTAGACGGGCTCACATCACCCCATA	1
ATGTTTAGACGGGCTCACATCACCCCATAAA	2
ATTAAGAGAACCAACACCTCTTTACAGTGACCA	1
ATTCAAAGGTTCCGGGT	1
ATTCCCCGACGGGGAGCCA	1
ATTCGGCGCTCTCACC	2
ATTCGGCGCTCTCACCGC	4
ATTCGGCGCTCTCACCGCC	2
ATTCGGCGCTCTCACCGCCGCGGCCC	15
ATTCGGCGCTCTCACCGCCGCGGCCCG	8
ATTCGGCGCTCTCACCGCCGCGGCCCGGG	1
ATTCGGCGCTCTCACCGCCGCGGCCCGGGT	4
ATTCTAGGTTCGACTC	1
ATTCTCGCCTGCCACG	6
ATTCTCGCCTGCCACGC	6
ATTCTCGCTTCGGGTGCG	2
ATTCTTGCGACCCGGGT	1
ATTCTTGCGACCCGGGTTCGATTCCCGGGCGGCG	3
ATTGGTCGTGGTTGTAGTCCGTGCGAGAA	1
ATTGGTCGTGGTTGTAGTCCGTGCGAGAATACC	1
ATTGGTCGTGGTTGTAGTCCGTGCGAGAATACCA	4
ATTGGTGGTTCAGTGGTAGAATTCTCGCCTGCCACGCGGGAGGCCCGG	2
ATTGTGAATCTGACAACAGAGGCTTACGACCCCTTATTTACCCC	1
ATTTCAACTTAACTTGACCGCTCTGACCA	1
CAAATCCCGGACGAGCCCCCA	8
CAACCTCGGTTCGAATCCGAGTCACGGCAC	1
CAACTTAACTTGACCGCTCTGACC	2
CAACTTACACTTAGGAGATTTCAACTTAACTTGACCGCTCTGACC	1
CAACTTACACTTAGGAGATTTCAACTTAACTTGACCGCTCTGACCA	2
CAAGAACTGCTAACTCATGCCCCCATGTCTAACAACATGGCTTTCT	1
CAAGCAGTTGACCCGGGTTC	1
CAATGGAGGCGTGGGT	2
CACAAGAACTGCTAACTCATGCCCCCATGTCTAACAACA	2
CACATGGTCTAGCGGTTAGGATTCCT	1
CACCGCCGCGGCCCGGGTT	3
CACCGCCGCGGCCCGGGTTCGATTCCCGGTCAGGGAA	2
CACCGCCGCGGCCCGGGTTCGATTCCCGGTCAGGGAACCA	3
CACGCAGAAGGTCCTGGGTTCGAGCCCCAGTGGAACCACCA	2
CACGCGAAAGGTCCCCG	1
CACGCGAAAGGTCCCCGGT	3
CACGCGAAAGGTCCCTGGATCA	1
CACGCGGGAGACCGGGGTTCGATTCCCCGACGGGGAG	5
CACGCGGGAGACCGGGGTTCGATTCCCCGACGGGGAGC	4
CACGCGGGAGACCGGGGTTCGATTCCCCGACGGGGAGCCA	3
CACGCGTGGGTTCGAATCCCATCCTCGTCGCCA	1
CACTCTGGACTCTGAATCCAGCGATCCGAGT	2
CACTCTGGACTCTGAATCCAGCGATCCGAGTT	2
CACTCTGGACTTTGAATCCAGCGATCCGAGT	2
CACTGTAAAGCTAACTTAGCATTA	2
CACTGTAAAGCTAACTTAGCATTAACC	2
CACTGTAAAGCTAACTTAGCATTAACCT	7
CACTGTAAAGCTAACTTAGCATTAACCTTT	1
CAGAAGATTCCAGGTTCGACTCCTG	2
CAGAAGATTCTAGGTTCGACTCCTGGCTGGCTCGCC	2
CAGAAGATTGAGGGTTC	4
CAGAAGATTGCAGGTTCGAGTCCTGCCGCGGTCGCC	1
CAGAAGGCTGCGTGTTC	2
CAGAGTGGCGCAGCGGAA	1
CAGAGTGGCGCAGCGGAAG	4
CAGAGTGGCGCAGCGGAAGCGTGCTGGGC	9
CAGAGTGGCGCAGCGGAAGCGTGCTGGGCCC	11
CAGAGTGGCGCAGCGGAAGCGTGCTGGGCCCATAACCCAGA	2
CAGATTGTGAATCTGACAACAGAGGCTTACGAC	1
CAGATTGTGAATCTGACAACAGAGGCTTACGACCCCTTATTTACCCC	2
CAGATTGTGAATCTGACAACAGAGGCTTACGACCCCTTATTTACCCCA	1
CAGCAGAGTGGCGCAGCGGAAGCGTGCTGGGC	2
CAGCCTCCGGAGCTGGGGATTGTGGGTTCG	1
CAGCGGAAGCGTGCTGGGCCCA	5
CAGGATGGCCGAGTGGTCTAAG	1
CAGGATGGCCGAGTGGTCTAAGGC	2
CAGGATGGCCGAGTGGTTAAG	4
CAGGCGGCCCGGGTTCGACTCCCG	1
CAGGCGGCCCGGGTTCGACTCCCGGTGT	4
CAGGCGGCCCGGGTTCGACTCCCGGTGTG	5
CAGGCGGCCCGGGTTCGACTCCCGGTGTGGGAAC	1
CAGGCGGCCCGGGTTCGACTCCCGGTGTGGGAACC	2
CAGGCGGCCCGGGTTCGACTCCCGGTGTGGGAACCA	7
CAGGGGTCGCGAGTTC	1
CAGGTCGCAGTCTCCC	4
CAGTAAGTTGCAATACTTAATTTCTGCCA	2
CAGTCGGTAGAGCATC	149
CAGTCGGTAGAGCATCA	4
CAGTCGGTAGAGCATCAGA	20
CAGTCGGTAGAGCATCAGAC	36
CAGTCGGTAGAGCATGAGACCC	1
CAGTCGGTAGAGCATGAGACCCTTAA	4
CAGTCGGTAGAGCATGAGACCCTTAATCTC	3
CAGTCGGTAGAGCATGAGACTCTTAATCTC	2
CAGTCGGTAGAGCATGGGA	2
CAGTCGGTAGAGCATGGGAC	71
CAGTCGGTAGAGCATGGGACT	10
CAGTCGGTAGAGCATGGGACTC	31
CAGTCGGTAGAGCATGGGACTCTTAATCCC	43
CAGTCGGTAGAGCATGGGACTCTTAATCCCA	2
CAGTGGTAGAATTCTCGCCTGCCACGCGGGAGGCCC	2
CAGTGGTAGAATTCTCGCCTGCCACGCGGGAGGCCCGGG	2
CAGTGGTAGAATTCTCGCCTGCCACGCGGGAGGCCCGGGT	4
CAGTTGGTAGAGCATC	2
CATAACCCAGAGGTCGATGGATC	1
CATAATCTGAAGGTCCTGAGTTCGAACCTCAGAGGGGGCACCA	2
CATAATCTGAAGGTCGTGAGTTCGATCCTCACACGGGGCACCA	3
CATATGGTCTAGCGGTTAGGATTCCTGGTTTTCACCC	2
CATGTATGAGGTCCCGGGT	1
CATTCTTGCGACCCGGGT	8
CATTCTTGCGACCCGGGTT	3
CATTCTTGCGACCCGGGTTCGATTCCCGGGCGGCGCACCA	2
CATTGTGCTTTGCACGCGTGGGTTCGAATCCCATCCTCGTCGCCA	1
CATTTGACTGCAGATCAAGAGGTCCCCGGT	16
CCAACTTACACTTAGGAGATTTCAACTTAACTTGACCGCTCTGACC	1
CCAACTTACACTTAGGAGATTTCAACTTAACTTGACCGCTCTGACCA	1
CCAAGGTCGCGGGTTCGATCCCCGTACGGGCCACCA	1
CCACATGGTCTAGCGGTTAGGA	1
CCACATGGTCTAGCGGTTAGGATT	2
CCACATGGTCTAGCGGTTAGGATTCCT	1
CCACATGGTCTAGCGGTTAGGATTCCTG	10
CCACATGGTCTAGCGGTTAGGATTCCTGGTT	4
CCACATGGTCTAGCGGTTAGGATTCCTGGTTTTCACCCAG	1
CCAGAGGTCGATGGATCGAAACC	2
CCAGGCGGCCCGGGTTCGACTCCC	2
CCAGGCGGCCCGGGTTCGACTCCCGGTGTG	1
CCAGGCGGCCCGGGTTCGACTCCCGGTGTGGGAACC	1
CCAGGCGGCCCGGGTTCGACTCCCGGTGTGGGAACCA	11
CCAGGGTTCAAGTCCCTGTTCGGGCG	1
CCAGGGTTCAAGTCCCTGTTCGGGCGC	2
CCAGGGTTCAAGTCCCTGTTCGGGCGCCA	8
CCAGGTGGCCCGGGTTCGACTCC	1
CCAGGTGGCCCGGGTTCGACTCCCGGTATGGGAACCA	1
CCATAGTGTAGTGGTTATCACGTCTGCT	2
CCATATGGTCTAGCGGTTAGGATT	2
CCATATGGTCTAGCGGTTAGGATTCC	2
CCATATGGTCTAGCGGTTAGGATTCCTG	2
CCATTGTGCTTTGCACGCGTGGGTTCGAATCCCATCCTCGTCGCCA	1
CCCAACTTACACTTAGGAGATTTCAACTTAACTTGACCGCTCTGACC	2
CCCAACTTACACTTAGGAGATTTCAACTTAACTTGACCGCTCTGACCA	2
CCCACATGGTCTAGCGGTTAGGATTCC	1
CCCACATGGTCTAGCGGTTAGGATTCCTGG	5
CCCACATGGTCTAGCGGTTAGGATTCCTGGTT	2
CCCACCTTCGTCGCCA	1
CCCAGGCGGCCCGGGTTCGACTCCCGGTGTGGGAACCA	2
CCCATCCTCGTCGCCA	9
CCCATTCTTGCGACCCGGG	1
CCCATTCTTGCGACCCGGGT	3
CCCATTCTTGCGACCCGGGTT	2
CCCATTCTTGCGACCCGGGTTCGATTCCCGGGCGGCG	1
CCCCGCGCAGGTTCGAATCCT	1
CCCCGCGCAGGTTCGAATCCTG	1
CCCCGGCACCTCCACCA	2
CCCCGGCATCTCCACCA	6
CCCGGATAGCTCAGTCGGTAGAGCATCAGA	2
CCCGGATAGCTCAGTCGGTAGAGCATCAGAC	6
CCCGGCCAACGCACCA	2
CCCGGCTAGCTCAGTCGGTAGAGCATGGGAC	1
CCCGGCTAGCTCAGTCGGTAGAGCATGGGACTCTTAATCCC	1
CCCGGGCGGAAACACCA	5
CCCGGGCGGCGCACCA	12
CCCGGGTTCGACTCCC	1
CCCGGGTTCGACTCCCGGTGTGGGAAC	2
CCCTGGAGGCGTGGGTTCGAATCCCACTTCTGACACCA	1
CCCTGGTGGTCTAGTGGTTAGGATTCGGCG	4
CCCTGGTGGTCTAGTGGTTAGGATTCGGCGC	1
CCCTGGTGGTCTAGTGGTTAGGATTCGGCGCT	1
CCCTGGTGGTCTAGTGGTTAGGATTCGGCGCTC	1
CCCTGGTGGTCTAGTGGTTAGGATTCGGCGCTCT	1
CCCTGGTGGTCTAGTGGTTAGGATTCGGCGCTCTCACCGCCGCGGCCC	1
CCGAAAGGTTGGTGGTTC	3
CCGAGAGGTCCCGGGTTCAAATCCCGGACGAGCCCCCA	4
CCGCAGCAACCTCGGTTC	2
CCGCAGCAACCTCGGTTCG	5
CCGCCTGTCACGCGGGAGACCGGGGT	5
CCGCCTGTCACGCGGGAGACCGGGGTTCGATTCCCCGACGGGGAGCCA	3
CCGCGCAGGTTCGAATCCTG	2
CCGCGGCCCGGGTTCGATTC	3
CCGCGGCCCGGGTTCGATTCCCGGT	2
CCGCGGCCCGGGTTCGATTCCCGGTC	1
CCGCGGCCCGGGTTCGATTCCCGGTCAGGGAACCA	1
CCGCTGGTGTAGTGGTATCATGCAAGATTCCCATTC	44
CCGGAGATGAAAACCTTTTTCCAAGGACACCA	1
CCGGAGCTGGGGATTGTGGGTTCGAGT	1
CCGGATAGCTCAGTCG	1
CCGGATAGCTCAGTCGGTAG	3
CCGGATAGCTCAGTCGGTAGA	1
CCGGATAGCTCAGTCGGTAGAGC	5
CCGGATAGCTCAGTCGGTAGAGCA	3
CCGGATAGCTCAGTCGGTAGAGCAT	6
CCGGATAGCTCAGTCGGTAGAGCATCAG	7
CCGGATAGCTCAGTCGGTAGAGCATCAGAC	2
CCGGATCAGAAGATTGA	1
CCGGATGGAGGCGTGGG	1
CCGGATGGAGGCGTGGGTTCGAATCCCACTTCTGACAC	1
CCGGCTAGCTCAGTCGGTAG	1
CCGGCTAGCTCAGTCGGTAGAGC	6
CCGGCTAGCTCAGTCGGTAGAGCA	4
CCGGCTAGCTCAGTCGGTAGAGCAT	7
CCGGCTAGCTCAGTCGGTAGAGCATG	39
CCGGCTAGCTCAGTCGGTAGAGCATGA	1
CCGGCTAGCTCAGTCGGTAGAGCATGAG	6
CCGGCTAGCTCAGTCGGTAGAGCATGAGAC	9
CCGGCTAGCTCAGTCGGTAGAGCATGAGACT	1
CCGGCTAGCTCAGTCGGTAGAGCATGAGACTC	9
CCGGCTAGCTCAGTCGGTAGAGCATGAGACTCTTAATCTC	3
CCGGCTAGCTCAGTCGGTAGAGCATGG	10
CCGGCTAGCTCAGTCGGTAGAGCATGGG	60
CCGGCTAGCTCAGTCGGTAGAGCATGGGA	36
CCGGCTAGCTCAGTCGGTAGAGCATGGGAC	78
CCGGCTAGCTCAGTCGGTAGAGCATGGGACT	49
CCGGCTAGCTCAGTCGGTAGAGCATGGGACTC	61
CCGGCTAGCTCAGTCGGTAGAGCATGGGACTCTTAAT	6
CCGGCTAGCTCAGTCGGTAGAGCATGGGACTCTTAATCC	1
CCGGCTAGCTCAGTCGGTAGAGCATGGGACTCTTAATCCC	17
CCGGCTCGAAGGACCA	1
CCGGGCAGAAGCACCA	1
CCGGGCGGAAACACCA	58
CCGGGGTTCGATTCCCCGACGGGGAGC	6
CCGGGGTTCGATTCCCCGACGGGGAGCCA	4
CCGGGTGCCCCCTCCA	1
CCGGGTTCGACTCCCGGTGTGGGA	3
CCGGGTTCGATTCCCGGGCGGCGCA	2
CCGTAGTGTAGTGGTCATCACGTTCGCC	6
CCGTGATCGTATAGTGGTTAGTACTCTGC	617
CCGTGATCGTATAGTGGTTAGTACTCTGCG	351
CCGTGATCGTATAGTGGTTAGTACTCTGCGT	3
CCGTGATCGTATAGTGGTTAGTACTCTGCGTT	25
CCGTGATCGTATAGTGGTTAGTACTCTGCGTTGTGGCCGCAGC	26
CCGTGATCGTATAGTGGTTAGTACTCTGCGTTGTGGCCGCAGCA	4
CCGTGATCGTATAGTGGTTAGTACTCTGCGTTGTGGCCGCAGCAA	5
CCGTGATCGTATAGTGGTTAGTACTCTGCGTTGTGGCCGCAGCAACC	8
CCGTGATCGTATAGTGGTTAGTACTCTGCGTTGTGGCCGCAGCAACCT	6
CCTCAGTAAGTTGCAATACTTAATTTCTGCCA	4
CCTGCCACGCGGGAGGCCCGGGT	1
CCTGCCGACTACGCCA	1
CCTGGGTTCGAATCCCAGCGGGGCCTCCA	2
CCTGGTGGTCTAGTGGTTAGGATTCGGCGCT	1
CCTGGTTCGATCCCGGGTTTCGGCAC	1
CCTGTCACGCGGGAGACCGG	2
CCTGTCACGCGGGAGACCGGGGT	5
CCTGTCACGCGGGAGACCGGGGTTCGATT	3
CCTGTCACGCGGGAGACCGGGGTTCGATTC	5
CCTGTCACGCGGGAGACCGGGGTTCGATTCCCCGACGGGGAGCCA	1
CCTTCCAAGCAGTTGACCC	12
CCTTCCAAGCAGTTGACCCG	4
CCTTCCAAGCAGTTGACCCGG	2
CCTTCCAAGCAGTTGACCCGGG	1
CCTTCCAAGCAGTTGACCCGGGT	5
CGAAACCATCCTCTGCTACCA	3
CGAAACCGGGCGGAAAC	3
CGAAACCGGGCGGAAACA	5
CGAAACCGGGCGGAAACACCA	2
CGAAAGGTCCCCGGTTCGAAACCGGGCGGA	1
CGAAAGGTTGGTGGTTCGAGCCCACCCAGGGACGCCA	2
CGAATCCCACCGCTGCCACCA	1
CGAATCCCACTCCTGAC	2
CGAATCCCACTCCTGACACCA	3
CGAATCCCACTTCTGACACCA	4
CGAATCCCATCCTCGTCGCC	1
CGAATCCCATCCTCGTCGCCA	4
CGAATCCGAGTCACGGC	1
CGAATCCGGCTCGAAGGACC	1
CGACCTCGTGGCGCAACGG	1
CGACTCCCGGTGTGGGAAC	1
CGACTCCTGGCTGGCTCGCCA	1
CGAGCCCCAGTGGAACC	1
CGAGCCCCAGTGGAACCACC	2
CGATCCCGGGTTTCGGCACCA	1
CGATTCCCCGACGGGGAGC	3
CGATTCCCCGACGGGGAGCCA	2
CGATTCCCGGGCGGCGC	3
CGATTCCCGGGCGGCGCA	1
CGATTCCCGGGCGGCGCAC	1
CGATTCCCGGGCGGCGCACC	3
CGCAGAAGGTCCTGGGTTCGAGCCCCAGTGGAACCACC	2
CGCAGGTTCGAATCCTG	1
CGCATGGGTGGTTCAGTGGTAGAATTCTCGC	1
CGCATTGGTGGTTCAGTGGTAGAATTCTCGC	6
CGCATTGGTGGTTCAGTGGTAGAATTCTCGCC	4
CGCCGCGGCCCGGGTTCGA	1
CGCCGCGGCCCGGGTTCGATTCCCGGT	3
CGCCGCGGCCCGGGTTCGATTCCCGGTC	1
CGCCGCGGCCCGGGTTCGATTCCCGGTCA	1
CGCCGCGGCCCGGGTTCGATTCCCGGTCAGG	1
CGCCGCGGCCCGGGTTCGATTCCCGGTCAGGG	11
CGCCGCGGCCCGGGTTCGATTCCCGGTCAGGGAAC	3
CGCCGCTGGTGTAGTGGTATCATGCA	2
CGCCGCTGGTGTAGTGGTATCATGCAAG	5
CGCCGCTGGTGTAGTGGTATCATGCAAGA	8
CGCGGCCCGGGTTCGATTCCCGGT	3
CGCGGCCCGGGTTCGATTCCCGGTCAG	1
CGCGGGAGACCGGGGTTCGATTCCCCGACGGGGA	1
CGCGGGAGACCGGGGTTCGATTCCCCGACGGGGAG	1
CGCGGGAGACCGGGGTTCGATTCCCCGACGGGGAGC	2
CGCGGGAGACCGGGGTTCGATTCCCCGACGGGGAGCCA	9
CGCGTGGGTTCGAATCCCATCCTCGTCGCC	4
CGCGTGGGTTCGAATCCCATCCTCGTCGCCA	2
CGCTGGTGTAGTGGTATCATGCAAG	1
CGCTGGTGTAGTGGTATCATGCAAGA	1
CGCTGGTGTAGTGGTATCATGCAAGATTCCCATTCTTGCGACCCGGG	1
CGCTGGTGTAGTGGTATCATGCAAGATTCCCATTCTTGCGACCCGGGT	1
CGCTGGTTCGATTCCGGCTCGAAGGACCA	1
CGGAAGCGTGCTGGGC	152
CGGAAGCGTGCTGGGCC	5
CGGAAGCGTGCTGGGCCC	39
CGGAAGCGTGCTGGGCCCAT	1
CGGAAGCGTGCTGGGCCCATAA	1
CGGAAGCGTGCTGGGCCCATAACCC	6
CGGAAGCGTGCTGGGCCCATAACCCAG	2
CGGAAGCGTGCTGGGCCCATAACCCAGAGGTCGATGGATC	3
CGGAGATGAAAACCTTTTTCCAAGGAC	4
CGGATAGCTCAGTCGGTAG	1
CGGATAGCTCAGTCGGTAGAGC	3
CGGATAGCTCAGTCGGTAGAGCA	2
CGGATAGCTCAGTCGGTAGAGCATC	2
CGGATAGCTCAGTCGGTAGAGCATCAG	19
CGGATAGCTCAGTCGGTAGAGCATCAGA	21
CGGATAGCTCAGTCGGTAGAGCATCAGAC	115
CGGATAGCTCAGTCGGTAGAGCATCAGACT	1
CGGATCAGAAGATTGCAGGTT	1
CGGATGGAGGCGTGGG	1
CGGATGGAGGCGTGGGT	8
CGGATGGAGGCGTGGGTTCGAATCCCACTTCT	1
CGGATGGAGGCGTGGGTTCGAATCCCACTTCTGACACC	2
CGGCCCGGGTTCGACTC	7
CGGCCCGGGTTCGACTCC	1
CGGCCCGGGTTCGACTCCCG	1
CGGCCCGGGTTCGACTCCCGGT	1
CGGCCCGGGTTCGACTCCCGGTG	7
CGGCTAGCTCAGTCGGTAGAG	2
CGGCTAGCTCAGTCGGTAGAGC	3
CGGCTAGCTCAGTCGGTAGAGCATG	2
CGGCTAGCTCAGTCGGTAGAGCATGAGAC	2
CGGCTAGCTCAGTCGGTAGAGCATGAGACTCT	2
CGGCTAGCTCAGTCGGTAGAGCATGAGACTCTTAAT	1
CGGCTAGCTCAGTCGGTAGAGCATGG	5
CGGCTAGCTCAGTCGGTAGAGCATGGG	10
CGGCTAGCTCAGTCGGTAGAGCATGGGA	5
CGGCTAGCTCAGTCGGTAGAGCATGGGAC	34
CGGCTAGCTCAGTCGGTAGAGCATGGGACT	13
CGGCTAGCTCAGTCGGTAGAGCATGGGACTC	23
CGGCTGTTAACCGAAAGGTTGGTGG	1
CGGGAGACCGGGGTTCAATTCCCCGACGGGGAGCCA	1
CGGGAGACCGGGGTTCGATT	3
CGGGAGACCGGGGTTCGATTCCCCGACGGGGAGC	4
CGGGAGACCGGGGTTCGATTCCCCGACGGGGAGCCA	4
CGGGAGGCCCGGGTTCGATTCCCGG	1
CGGGAGGCCCGGGTTCGATTCCCGGC	2
CGGGAGGCCCGGGTTCGATTCCCGGCC	2
CGGGAGGCCCGGGTTCGATTCCCGGCCAATGCACCA	1
CGGGAGGCCCGGGTTCGATTCCCGGCCCATGC	2
CGGGTTCGACTCCCGGTGTGGG	2
CGGGTTCGACTCCCGGTGTGGGA	7
CGGGTTCGACTCCCGGTGTGGGAAC	2
CGGGTTCGACTCCCGGTGTGGGAACCA	1
CGGGTTCGATCCCCGTACGGGCCACCA	6
CGGGTTCGATTCCCGGGCGGCGCAC	2
CGGGTTCGATTCCCGGTCAGGGAAC	2
CGGGTTCGATTCCCGGTCAGGGAACCA	2
CGGTAATCGCATAAAACTTAAAACTT	1
CGGTAGAGCATCAGAC	2
CGGTAGAGCATGGGACTC	13
CGGTAGAGCATGGGACTCTTAATCC	90
CGGTAGAGCATGGGACTCTTAATCCC	3
CGGTAGCGCGTCTGAC	4
CGGTAGCGCGTCTGACT	5
CGGTCTAAGGCGCTGC	3
CGGTCTAAGGCGCTGCG	16
CGGTCTAAGGCGCTGCGTTCAGGTCGCAG	3
CGGTCTAAGGCGCTGGA	3
CGGTTAGGATTCCTGGTTTTC	1
CGGTTAGGATTCCTGGTTTTCACCCAGG	1
CGGTTAGGATTCCTGGTTTTCACCCAGGC	6
CGGTTAGGATTCCTGGTTTTCACCCAGGCGGCCC	3
CGTAGTCGTGGCCGAG	2
CGTAGTCGTGGCCGAGTGGTT	2
CGTAGTGTAGTGGTCATCACGTTCGCC	2
CGTATAGTGGTTAGTACTCTGCG	1
CGTATAGTGGTTAGTACTCTGCGT	1
CGTATAGTGGTTAGTACTCTGCGTT	9
CGTATAGTGGTTAGTACTCTGCGTTGTGGCCG	5
CGTATAGTGGTTAGTACTCTGCGTTGTGGCCGC	4
CGTATAGTGGTTAGTACTCTGCGTTGTGGCCGCAGC	1
CGTATAGTGGTTAGTACTCTGCGTTGTGGCCGCAGCA	3
CGTATAGTGGTTAGTACTCTGCGTTGTGGCCGCAGCAACC	10
CGTATAGTGGTTAGTACTCTGCGTTGTGGCCGCAGCAACCT	10
CGTGATCGTATAGTGGTTAGTACTCTGC	25
CGTGATCGTATAGTGGTTAGTACTCTGCG	12
CGTGATCGTATAGTGGTTAGTACTCTGCGTT	5
CGTGATCGTATAGTGGTTAGTACTCTGCGTTGTGGCCGCAGC	1
CGTGATCGTATAGTGGTTAGTACTCTGCGTTGTGGCCGCAGCAACC	2
CGTGGGTTCGAATCCCATCCTCGTCGC	3
CGTGGGTTCGAATCCCATCCTCGTCGCCA	9
CGTGGTTGTAGTCCGTGCGAGAA	1
CGTGGTTGTAGTCCGTGCGAGAAT	1
CGTTCAGGTCGCAGTCTCC	1
CGTTCAGGTCGCAGTCTCCC	3
CTAAGCCAGGGATTGT	2
CTAAGCCAGGGATTGTGGGTTCGAGTCCCATCTGGGGTGCCA	3
CTAATGGATAAGGCATC	1
CTAATGGATAAGGCATTG	15
CTAATGGTGGAGTTAAAGACTTTTTCTCT	1
CTAATTCAAAGGTTCCGGGT	1
CTAATTCAAAGGTTCCGGGTTCGAGTCCCGGCGGAGTCGCC	1
CTAGCGGTTAGGATTCCTGGTTTTCACCCAG	2
CTAGCTCAGTCGGTAGAGCATGGGACTC	2
CTAGGATGGGGTGTGATAGGTGGCACGGAGAATTTTG	2
CTAGTGGTATGATTCTCGC	2
CTAGTGGTTAGGATTCGGCG	2
CTAGTGGTTAGGATTCGGCGCT	2
CTAGTGGTTAGGATTCGGCGCTCTCACCG	1
CTAGTGGTTAGGATTCGGCGCTCTCACCGCC	3
CTAGTGGTTAGGATTCGGCGCTCTCACCGCCGCGGCCC	7
CTAGTGGTTAGGATTCGGCGCTCTCACCGCCGCGGCCCGGGT	1
CTCAAGTTCTGGTCTCC	5
CTCACATCACCCCATAAACACCA	2
CTCACCGCCGCGGCCCG	4
CTCACCGCCGCGGCCCGGG	4
CTCACCGCCGCGGCCCGGGT	1
CTCACCGCCGCGGCCCGGGTTC	1
CTCACCGCCGCGGCCCGGGTTCGATTCCCGGTCAGGGAA	1
CTCAGTCGGTAGAGCATCAGA	3
CTCAGTCGGTAGAGCATCAGAC	2
CTCAGTCGGTAGAGCATCAGACT	3
CTCAGTCGGTAGAGCATGGGACTC	1
CTCAGTCGGTAGAGCATGGGACTCT	5
CTCAGTCGGTAGAGCATGGGACTCTTAATCCC	3
CTCAGTGGTAGAGCAC	1
CTCCAGATCAGAAGGCTGCGTG	1
CTCCAGTCTCTTCGGGGGCGTGGGT	1
CTCCCGGTGTGGGAACC	1
CTCCCGGTGTGGGAACCA	2
CTCCGGATGGAGGCGTGGGTTCGAATCCCACTTCTGACACCA	1
CTCGCCTGCCACGCGGGAGGCCC	1
CTCGGTGGAACCTCCA	5
CTCTCACCGCCGCGGCC	4
CTCTCACCGCCGCGGCCC	4
CTCTCACCGCCGCGGCCCG	3
CTCTGAATCCAGCGATCCG	1
CTCTGAATCCAGCGATCCGA	1
CTCTGCGTTGTGGCCGCAGCAACCTCGGT	2
CTCTGGACTCTGAATCCAGCGATCCGAG	5
CTCTGGACTCTGAATCCAGCGATCCGAGTT	2
CTGAATCCAGCGATCCG	2
CTGAATCCAGCGATCCGA	2
CTGAATCCAGCGATCCGAG	7
CTGAATCCAGCGATCCGAGT	176
CTGAATCCAGCGATCCGAGTT	84
CTGAATCCAGCGATCCGAGTTC	13
CTGAATCCAGCGATCCGAGTTCA	3
CTGAGGGTCCAGGGTTCAAGTCCCTGTTCGGGCGCC	1
CTGAGGGTCCAGGGTTCAAGTCCCTGTTCGGGCGCCA	1
CTGATTCCGGATCAGAAGATTGAGGGT	2
CTGCAGATCAAGAGGTCCCCGGT	3
CTGCCTTCCAAGCAGTTGACCC	4
CTGCGTGTTCGAATCACGTCGGGGTCACCA	1
CTGGACTCTGAATCCAGCGATCCGAGT	4
CTGGGGATTGTGGGTTCGAGTCCCATCTGGGTCGCC	1
CTGGTGGTCTAGTGGTTAGGATTCGGCGCTCTCACCGCC	2
CTGGTGTAGTGGTATCATGCAAGATTCCCA	1
CTGGTTCAATCCCGGGTTTCGGCACCA	1
CTGTCACGCGGGAGACCGGGG	1
CTGTCACGCGGGAGACCGGGGT	6
CTGTCACGCGGGAGACCGGGGTTCGATTCCCCGACG	3
CTGTCTAGTAAACAGGAGATCCTGGGT	3
CTTAACTTGACCGCTCTGACCA	1
CTTAGGTCGCTGGTTC	1
CTTAGGTCGCTGGTTCGATTCCGGCTCGAAGGACCA	3
CTTCCAAGCAGTTGACCCG	1
CTTCCAAGCAGTTGACCCGG	1
CTTCCAAGCAGTTGACCCGGGT	2
CTTCCAAGCAGTTGACCCGGGTTCGATTCCCGGCCAACGCACCA	1
CTTCGGATCAGAAGATTGAGGGT	1
CTTCGGATCAGAAGATTGCAGGTTC	2
CTTCTAATTCAAAGGTTCCGGGT	1
CTTGACCGCTCTGACCA	1
CTTTCACCGCCGCGGCCCGGG	1
CTTTCACCGCCGCGGCCCGGGT	2
CTTTGAATCCAGCGATCCG	1
CTTTGAATCCAGCGATCCGAG	2
CTTTGAATCCAGCGATCCGAGT	37
CTTTGAATCCAGCGATCCGAGTT	32
CTTTGCACGCGTGGGT	3
CTTTGGGTGCGAGAGGTCCC	1
CTTTGGGTGCGAGAGGTCCCGGGTT	1
CTTTTAATCTGAGGGTCC	1
GAAAAAGTCATGGAGGCC	14
GAAAAAGTCATGGAGGCCATG	1
GAAAATGTTTAGACGGGC	1
GAAAATGTTTAGACGGGCTC	1
GAAAATGTTTAGACGGGCTCACATCACC	1
GAAACCGGGCGGAAAC	1
GAAACCGGGCGGAAACA	2
GAAAGCTCACAAGAACT	2
GAAAGCTCACAAGAACTGCTAACTCATGCCC	2
GAAAGGTCCCCGGTTCGAAACCGGGCGGA	3
GAAAGGTTGGTGGTTC	2
GAAGATTCCAGGTTCGACTCCTGGCTGGCTCGCCA	1
GAAGATTGAGGGTTCGAGTCCCTTCGTGGTCGCC	3
GAAGATTGCAGGTTCGAGTCCTGCCGCGGTCGCC	1
GAAGATTGCAGGTTCGAGTCCTGCCGCGGTCGCCA	4
GAATCACGTCGGGGTCACCA	2
GAATCCGGCTCGAAGGACCA	1
GACATATGTCCGCGTGGGT	1
GACCCAGTGGCCTAATGGATAAGGCATCAGCCT	2
GACCTCGTGGCGCAACGG	3
GACCTCGTGGCGCAACGGTAGCGCGTCTGACT	11
GACCTCGTGGCGCAACGGTAGCGCGTCTGACTCC	1
GACCTCGTGGCGCAATGGTAG	3
GACCTCGTGGCGCAATGGTAGCGCGTCTGACT	2
GAGAAAGCTCACAAGAACT	4
GAGAAAGCTCACAAGAACTG	29
GAGAAAGCTCACAAGAACTGC	3
GAGAAAGCTCACAAGAACTGCT	7
GAGAAAGCTCACAAGAACTGCTAAC	1
GAGAAAGCTCACAAGAACTGCTAACT	2
GAGAAAGCTCACAAGAACTGCTAACTC	1
GAGAAAGCTCACAAGAACTGCTAACTCATGCCCCCATG	1
GAGAAAGCTCACAAGAACTGCTAACTCATGCCCCCATGTC	1
GAGAAAGCTCACAAGAACTGCTAACTCATGCCCCCATGTCT	3
GAGAAAGCTCACAAGAACTGCTAACTCATGCCCCCATGTCTAACAACA	1
GAGACCGGGGTTCAATTCCCCGAC	1
GAGACCGGGGTTCGATTCCCCGA	1
GAGACCGGGGTTCGATTCCCCGAC	7
GAGAGGTCCCGGGTTCAAATCCCGGACGAGC	2
GAGATTTCAACTTAACTTGACCGCTCTGAC	1
GAGATTTCAACTTAACTTGACCGCTCTGACC	2
GAGCGGTCTAAGGCGCTGGA	1
GAGGGTCCAGGGTTCAAGTCCCTGTTCGGGC	2
GAGGTCGATGGATCGAAACC	5
GAGGTCGATGGATCGAAACCAT	1
GATAGAGCATCAGACT	10
GATAGCTCAGTCGGTAGAGCATCAGAC	3
GATGAAAACCTTTTTCCAAGGAC	1
GATGGCGTGGGTTCGAATCCCACCGCTG	4
GATGGTTTTTCATATCATTGGTCGTGGTTGTAGTCCGTGCGAGAA	1
GATTCCCATTCTTGCGACCCG	1
GATTCCCATTCTTGCGACCCGGGT	1
GATTCCGGCTCGAAGGACCA	1
GATTCGGCGCTCTCACC	2
GATTCGGCGCTCTCACCG	2
GATTCGGCGCTCTCACCGCC	2
GATTCGGCGCTCTCACCGCCGCGGCCC	44
GATTCGGCGCTCTCACCGCCGCGGCCCGGGT	8
GCAATGGATAGCGCATTGGACTTCTAATTC	1
GCAATGGATAGCGCATTGGACTTCTAATTCAAAGGTTCCGGGT	1
GCAATGGTGGTTCAGTGGTAGAATTCTCGC	18
GCAATGGTGGTTCAGTGGTAGAATTCTCGCCT	1
GCACTCTGGACTCTGAATCCAGCGATCCGAG	2
GCACTCTGGACTCTGAATCCAGCGATCCGAGTT	1
GCACTCTGGACTCTGAATCCAGCGATCCGAGTTCA	2
GCACTGGTGGTTCAGTGGTAGAATTCTCGC	103
GCACTGGTGGTTCAGTGGTAGAATTCTCGCC	12
GCAGAAGGTCCTGGGTTCGAGCCCCAGTGGA	1
GCAGAAGGTCCTGGGTTCGAGCCCCAGTGGAACC	6
GCAGCAACCTCGGTTC	1
GCAGCGGAAGCGTGCTGGGC	2
GCATGGGTGGTTCAGTGGTAGAATTCTC	93
GCATGGGTGGTTCAGTGGTAGAATTCTCG	67
GCATGGGTGGTTCAGTGGTAGAATTCTCGC	7920
GCATGGGTGGTTCAGTGGTAGAATTCTCGCC	657
GCATGGGTGGTTCAGTGGTAGAATTCTCGCCT	129
GCATGGGTGGTTCAGTGGTAGAATTCTCGCCTG	34
GCATGGGTGGTTCAGTGGTAGAATTCTCGCCTGC	10
GCATGGGTGGTTCAGTGGTAGAATTCTCGCCTGCC	1
GCATGGGTGGTTCAGTGGTAGAATTCTCGCCTGCCACGC	1
GCATGGGTGGTTCAGTGGTAGAATTCTCGCCTGCCACGCG	1
GCATGGGTGGTTCAGTGGTAGAATTCTCGCCTGCCACGCGGGA	3
GCATTCGGCTGTTAACC	2
GCATTGGTGGTTCAATGGTAGAATTCTCGC	18
GCATTGGTGGTTCAATGGTAGAATTCTCGCC	2
GCATTGGTGGTTCAATGGTAGAATTCTCGCCT	1
GCATTGGTGGTTCAGTGGTAGAATTCTCGCCTGCCACG	14
GCATTGGTGGTTCAGTGGTAGAATTCTCGCCTGCCACGC	2
GCATTGGTGGTTCAGTGGTAGAATTCTCGCCTGCCACGCG	3
GCATTGGTGGTTCAGTGGTAGAATTCTCGCCTGCCACGCGGG	5
GCATTGGTGGTTCAGTGGTAGAATTCTCGCCTGCCACGCGGGA	29
GCATTGGTGGTTCAGTGGTAGAATTCTCGCCTGCCACGCGGGAG	9
GCATTGGTGGTTCAGTGGTAGAATTCTCGCCTGCCACGCGGGAGGC	2
GCATTGGTGGTTCAGTGGTAGAATTCTCGCCTGCCACGCGGGAGGCC	12
GCATTGGTGGTTCAGTGGTAGAATTCTCGCCTGCCACGCGGGAGGCCC	14
GCCCCAGTGGCCTAATGGATAAGGCACTGG	1
GCCCCAGTGGCCTAATGGATAAGGCAT	1
GCCCCAGTGGCCTAATGGATAAGGCATTG	1
GCCCGGATAGCTCAGTCGG	1
GCCCGGATAGCTCAGTCGGTAGAGCAT	1
GCCCGGATAGCTCAGTCGGTAGAGCATC	6
GCCCGGATAGCTCAGTCGGTAGAGCATCAG	120
GCCCGGATAGCTCAGTCGGTAGAGCATCAGA	213
GCCCGGATAGCTCAGTCGGTAGAGCATCAGAC	3092
GCCCGGATAGCTCAGTCGGTAGAGCATCAGACT	18
GCCCGGATAGCTCAGTCGGTAGAGCATCAGACTT	4
GCCCGGATAGCTCAGTCGGTAGAGCATCAGACTTT	4
GCCCGGCTAGCTCAGTCGGTAGAGCA	1
GCCCGGCTAGCTCAGTCGGTAGAGCATG	6
GCCCGGCTAGCTCAGTCGGTAGAGCATGAG	5
GCCCGGCTAGCTCAGTCGGTAGAGCATGAGAC	54
GCCCGGCTAGCTCAGTCGGTAGAGCATGAGACCCT	3
GCCCGGCTAGCTCAGTCGGTAGAGCATGAGACT	71
GCCCGGCTAGCTCAGTCGGTAGAGCATGAGACTC	82
GCCCGGCTAGCTCAGTCGGTAGAGCATGAGACTCT	3
GCCCGGCTAGCTCAGTCGGTAGAGCATGAGACTCTTAATC	1
GCCCGGCTAGCTCAGTCGGTAGAGCATGAGACTCTTAATCT	2
GCCCGGCTAGCTCAGTCGGTAGAGCATGAGACTCTTAATCTC	1
GCCCGGCTAGCTCAGTCGGTAGAGCATGG	5
GCCCGGCTAGCTCAGTCGGTAGAGCATGGG	37
GCCCGGCTAGCTCAGTCGGTAGAGCATGGGA	5
GCCCGGCTAGCTCAGTCGGTAGAGCATGGGAC	157
GCCCGGCTAGCTCAGTCGGTAGAGCATGGGACT	150
GCCCGGCTAGCTCAGTCGGTAGAGCATGGGACTC	66
GCCCGGCTAGCTCAGTCGGTAGAGCATGGGACTCT	28
GCCCGGCTAGCTCAGTCGGTAGAGCATGGGACTCTT	3
GCCCGGCTAGCTCAGTCGGTAGAGCATGGGACTCTTAAT	6
GCCCGGCTAGCTCAGTCGGTAGAGCATGGGACTCTTAATCC	41
GCCCGGCTAGCTCAGTCGGTAGAGCATGGGACTCTTAATCCC	63
GCCGAGGTTGTGAGTTC	1
GCCGTGATCGTATAGTGGTTAGTACTCTGC	23
GCCGTGATCGTATAGTGGTTAGTACTCTGCG	25
GCCGTGATCGTATAGTGGTTAGTACTCTGCGT	9
GCCGTGATCGTATAGTGGTTAGTACTCTGCGTT	56
GCCGTGATCGTATAGTGGTTAGTACTCTGCGTTG	14
GCCGTGATCGTATAGTGGTTAGTACTCTGCGTTGT	1
GCCGTGATCGTATAGTGGTTAGTACTCTGCGTTGTG	6
GCCTGGATAGCTCAGTCGGTAGAGCATCAGAC	3
GCCTGGGTAGCTCAGTCGGTAGAGCATCAGAC	1
GCGAAAGGTCCCCGGT	4
GCGAAAGGTCCCCGGTTCGAAACC	1
GCGAAAGGTCCCCGGTTCGAAACCGGGCGGAAAC	1
GCGAGAGGTAGCGGGA	7
GCGAGAGGTAGCGGGAT	2
GCGAGAGGTCCCGGGTTCAAATCCCGGACGAGC	3
GCGCATTGGACTTCTAAT	1
GCGCCGCTGGTGTAGT	1
GCGCCGCTGGTGTAGTGGTATCA	2
GCGCCGCTGGTGTAGTGGTATCATGCA	3
GCGCCGCTGGTGTAGTGGTATCATGCAAG	85
GCGCCGCTGGTGTAGTGGTATCATGCAAGA	23
GCGCCGCTGGTGTAGTGGTATCATGCAAGATT	11
GCGCCGCTGGTGTAGTGGTATCATGCAAGATTCCCATTCT	1
GCGCTCTCACCGCCGCGGCCC	8
GCGCTCTCACCGCCGCGGCCCGGGT	2
GCGGAAGCGTGCTGGGC	3
GCGGAAGCGTGCTGGGCCC	1
GCGGAAGCGTGCTGGGCCCATAACC	1
GCGGCCCGGGTTCGACTC	1
GCGGCCCGGGTTCGACTCC	2
GCGGCCCGGGTTCGACTCCC	3
GCGGCCCGGGTTCGACTCCCG	2
GCGGCCCGGGTTCGACTCCCGGT	10
GCGGCCCGGGTTCGACTCCCGGTG	7
GCGGCCCGGGTTCGACTCCCGGTGTG	5
GCGGGAGACCGGGGTTCAATTCCCCGACGGGGAGCCA	5
GCGGGAGACCGGGGTTCGATTCCCCGACGGGGAGC	3
GCGGGAGACCGGGGTTCGATTCCCCGACGGGGAGCC	3
GCGGGAGACCGGGGTTCGATTCCCCGACGGGGAGCCA	9
GCGGGAGGCCCGGGTTCGATTCCCGGC	1
GCGGGAGGCCCGGGTTCGATTCCCGGCCAATGC	1
GCGGTTAGGATTCCTGGTTTTCA	1
GCGTGCTGGGCCCATAAC	2
GCGTGCTGGGCCCATAACC	5
GCGTGGCCGAGCGGTCTA	2
GCGTGGCCGAGCGGTCTAAGGC	3
GCGTGGCCGAGTGGTCTAAGGC	1
GCGTGGGTTCGAATCCCATCCTCGTCGCC	1
GCTAGCTCAGTCGGTAGAGCATGAGACCC	2
GCTAGCTCAGTCGGTAGAGCATGGGA	1
GCTAGCTCAGTCGGTAGAGCATGGGAC	11
GCTAGCTCAGTCGGTAGAGCATGGGACT	6
GCTAGCTCAGTCGGTAGAGCATGGGACTC	10
GCTAGCTCAGTCGGTAGAGCATGGGACTCT	1
GCTAGCTCAGTCGGTAGAGCATGGGACTCTTAAT	1
GCTCAGTCGGTAGAGCATGGGAC	1
GCTCAGTCGGTAGAGCATGGGACTC	16
GCTCAGTCGGTAGAGCATGGGACTCTTAATCC	17
GCTCAGTCGGTAGAGCATGGGACTCTTAATCCC	1
GCTCCAGTCTCTTCGGG	1
GCTCGTTGGTCTAGTGGTATGATTCTC	1
GCTCTCACCGCCGCGGC	4
GCTCTCACCGCCGCGGCCC	1
GCTCTCACCGCCGCGGCCCG	6
GCTGGTGTAGTGGTATCATGCAAGATTCCCATTCTTGCGACCCGGGT	3
GCTTCTGTAGTGTAGTGGTTATCACGTTCGCC	11
GCTTCTGTAGTGTAGTGGTTATCACGTTCGCCT	290
GCTTCTGTAGTGTAGTGGTTATCACGTTCGCCTC	4
GCTTCTGTAGTGTAGTGGTTATCACGTTCGCCTCAC	1
GGAAGCGTGCTGGGCCC	4
GGAGACCGGGGTTCGATTCCCCGACGGGGAG	2
GGAGATGAAAACCTTTTTCCAAGGAC	4
GGAGTTAAAGACTTTTTCTCTGACCA	2
GGATAAGGCATCAGCCTCCGGAGCTGGGGATTGT	1
GGATAGCTCAGTCGGTAGAGCATCAGAC	1
GGATCAGAAGATTCTAGGTTCGACTCCTGG	1
GGATTCGGCGCTCTCA	2
GGATTCGGCGCTCTCACCG	1
GGATTCGGCGCTCTCACCGCC	8
GGATTCGGCGCTCTCACCGCCGCGGCCC	11
GGATTCGGCGCTCTCACCGCCGCGGCCCGGGT	1
GGCATGGGTGGTTCAGTGGTAGAATTCTCGC	3
GGCCGTGATCGTATAGTGGTTAGTACTCTGC	42
GGCCGTGATCGTATAGTGGTTAGTACTCTGCG	41
GGCCGTGATCGTATAGTGGTTAGTACTCTGCGT	65
GGCCGTGATCGTATAGTGGTTAGTACTCTGCGTT	108
GGCCGTGATCGTATAGTGGTTAGTACTCTGCGTTG	24
GGCCGTGATCGTATAGTGGTTAGTACTCTGCGTTGT	9
GGCCGTGATCGTATAGTGGTTAGTACTCTGCGTTGTG	2
GGCCTCGTGGCGCAACGGTAGCGCGTCTGACT	2
GGCTAGCTCAGTCGGTAG	1
GGCTAGCTCAGTCGGTAGAG	5
GGCTAGCTCAGTCGGTAGAGCATGGGAC	8
GGCTAGCTCAGTCGGTAGAGCATGGGACT	1
GGCTAGCTCAGTCGGTAGAGCATGGGACTC	2
GGCTCCGTGGCGCAATGGATAG	3
GGCTCCGTGGCGCAATGGATAGCGCAT	2
GGCTCCGTGGCGCAATGGATAGCGCATTGGAC	10
GGCTCCGTGGCGCAATGGATAGCGCATTGGACT	5
GGCTCGTTGGTCTAGGGGTATGATTCTCGCTTCGGGTGCGAG	1
GGCTCGTTGGTCTAGGGGTATGATTCTCGG	1
GGCTCGTTGGTCTAGGGGTATGATTCTCGGT	40
GGCTGCGTGTTCGAATCACGTCGGGGT	1
GGGAGACCGGGGTTCGATTCCCCGA	2
GGGAGACCGGGGTTCGATTCCCCGAC	3
GGGATTGTGGGTTCGAGT	1
GGGATTGTGGGTTCGAGTC	2
GGGATTGTGGGTTCGAGTCC	1
GGGGAATTAGCTCAAATGGTAGAGCGCTCGCTT	1
GGGGATGTAGCTCAGT	2
GGGGATGTAGCTCAGTGG	15
GGGGATGTAGCTCAGTGGT	6
GGGGATGTAGCTCAGTGGTA	4
GGGGATGTAGCTCAGTGGTAG	12
GGGGATGTAGCTCAGTGGTAGA	32
GGGGATGTAGCTCAGTGGTAGAG	6
GGGGATGTAGCTCAGTGGTAGAGC	5
GGGGATGTAGCTCAGTGGTAGAGCGC	1
GGGGATGTAGCTCAGTGGTAGAGCGCA	4
GGGGATGTAGCTCAGTGGTAGAGCGCAT	4
GGGGATGTAGCTCAGTGGTAGAGCGCATGC	87
GGGGATGTAGCTCAGTGGTAGAGCGCATGCT	13
GGGGATGTAGCTCAGTGGTAGAGCGCATGCTT	4
GGGGATGTAGCTCAGTGGTAGAGCGCGCG	1
GGGGATGTAGCTCAGTGGTAGAGCGCGCGC	1
GGGGATGTAGCTCAGTGGTAGAGCGCGCGCT	6
GGGGATGTAGCTCAGTGGTAGAGCGCGCGCTT	3
GGGGATTGTGGGTTCGAGTCCCA	3
GGGGGATTAGCTCAAATGGTAG	1
GGGGGATTAGCTCAAATGGTAGA	3
GGGGGATTAGCTCAAATGGTAGAGCGCTCGCT	1
GGGGGATTAGCTCAAATGGTAGAGCGCTCGCTT	2
GGGGGCATAGCTCAGTGGTAGAGCATTTGACT	2
GGGGGTATAGCTCAGGGGTAGAGCATTTGACT	1
GGGGGTATAGCTCAGTGGGTAGAGCATTTGACT	2
GGGGGTGTAGCTCAGTGGT	1
GGGGGTGTAGCTCAGTGGTAG	1
GGGGGTGTAGCTCAGTGGTAGAG	3
GGGGGTGTAGCTCAGTGGTAGAGC	10
GGGGGTGTAGCTCAGTGGTAGAGCATTTGACT	1
GGGGGTGTAGCTCAGTGGTAGAGCG	1
GGGGGTGTAGCTCAGTGGTAGAGCGCATGCT	1
GGGGGTGTAGCTCAGTGGTAGAGCGCG	2
GGGGGTGTAGCTCAGTGGTAGAGCGCGT	2
GGGGGTGTAGCTCAGTGGTAGAGCGCGTGC	129
GGGGGTGTAGCTCAGTGGTAGAGCGCGTGCT	12
GGGGGTGTAGCTCAGTGGTAGAGCGCGTGCTT	7
GGGGTATAGCTCAGGGGTAGAGCATTTGACT	1
GGGGTATGATTCTCGGT	1
GGGGTTCGATTCCCCGACGGGGAG	1
GGGGTTCGATTCCCCGACGGGGAGC	16
GGGGTTCGATTCCCCGACGGGGAGCC	7
GGGGTTCGATTCCCCGACGGGGAGCCA	3
GGGTATGATTCTCGGT	2
GGGTCGTGGGTTCGAGCCCCACGTTGGGC	1
GGGTCGTGGGTTCGAGCCCCACGTTGGGCG	1
GGGTCGTGGGTTCGAGCCCCACGTTGGGCGC	2
GGGTGCGAGAGGTCCCGGGTTCA	5
GGGTGTAGCTCAGTGGTAGAG	1
GGGTGTGATAGGTGGCA	2
GGGTTAGGCCTCTTTTTACC	1
GGGTTCGACTCCCGGTGT	1
GGGTTCGACTCCCGGTGTGG	1
GGGTTCGACTCCCGGTGTGGG	3
GGGTTCGACTCCCGGTGTGGGA	4
GGGTTCGACTCCCGGTGTGGGAA	6
GGGTTCGACTCCCGGTGTGGGAAC	15
GGGTTCGATTCCCCGACGGGGAGC	9
GGGTTCGATTCCCGGTCAGGG	6
GGGTTCGATTCCCGGTCAGGGA	5
GGGTTCGATTCCCGGTCAGGGAAC	8
GGGTTCGATTCCCGGTCAGGGAACC	4
GGGTTCGATTCCCGGTCAGGGAACCA	8
GGTAAATATAGTTTAACCAAAACATCAGATTGTGAATC	1
GGTAAGCACTCTGGACTCTGAATC	1
GGTAGAATTCTCGCCTGCCACGCGGGA	11
GGTAGAATTCTCGCCTGCCACGCGGGAG	5
GGTAGAATTCTCGCCTGCCACGCGGGAGGCCCGGGT	5
GGTAGAGCATCAGACT	1
GGTAGAGCATGGGACTC	31
GGTAGAGCATGGGACTCTTAATCC	7
GGTAGAGCATGGGACTCTTAATCCC	3
GGTAGCGCGTCTGACT	2
GGTAGCGTGGCCGAGC	2
GGTAGCGTGGCCGAGCGGTCT	1
GGTAGCGTGGCCGAGCGGTCTA	3
GGTAGCGTGGCCGAGCGGTCTAAG	6
GGTAGCGTGGCCGAGCGGTCTAAGGC	13
GGTAGCTCAGTCGGTAGAG	2
GGTAGCTCAGTCGGTAGAGC	3
GGTAGTCGTGGCCGAGT	1
GGTATGATTCTCGCTTTGG	1
GGTATGATTCTCGGTTTGGGTCCG	2
GGTATGATTCTCGGTTTGGGTCCGAGA	1
GGTCCCATGGTGTAATGGTTAGCACTCTGGAC	2
GGTCGCTGGTTCGATTCCGGCTCGAAGGACC	1
GGTCGTGGGTTCGAGCCCCACGTTGGGCG	1
GGTCGTGGTTGTAGTCCGTGCGAGAATACCA	1
GGTCTAGGGGTATGATTCTCGGT	1
GGTGGCCCGGGTTCGACTCC	2
GGTGGTCTAGTGGTTAGGATTCGGCGCT	3
GGTGGTCTAGTGGTTAGGATTCGGCGCTCTCACCGCCGCGGCCCGGGT	1
GGTGTAATGGTTAGCACTCTGGACTCTGAAT	2
GGTGTAATGGTTAGCACTCTGGACTCTGAATC	6
GGTGTAATGGTTAGCACTCTGGACTCTGAATCCAGCGATCCGAGT	4
GGTTAGCACTCTGGACTCTGAAT	95
GGTTAGCACTCTGGACTCTGAATC	52
GGTTAGCACTCTGGACTCTGAATCC	2
GGTTAGCACTCTGGACTCTGAATCCA	3
GGTTAGCACTCTGGACTCTGAATCCAGC	7
GGTTAGCACTCTGGACTCTGAATCCAGCG	3
GGTTAGCACTCTGGACTCTGAATCCAGCGATCCG	5
GGTTAGCACTCTGGACTCTGAATCCAGCGATCCGAG	12
GGTTAGCACTCTGGACTCTGAATCCAGCGATCCGAGT	3
GGTTAGCACTCTGGACTCTGAATCCAGCGATCCGAGTT	2
GGTTAGCACTCTGGACTTTGA	1
GGTTAGCACTCTGGACTTTGAA	2
GGTTAGCACTCTGGACTTTGAAT	2
GGTTAGCACTCTGGACTTTGAATC	1
GGTTAGCACTCTGGACTTTGAATCCAGCGATCCGAG	2
GGTTAGCACTCTGGACTTTGAATCCAGCGATCCGAGT	1
GGTTAGGATTCAGCGC	1
GGTTAGGATTCCTGGTTTTCACCCAG	2
GGTTAGGATTCCTGGTTTTCACCCAGGC	1
GGTTAGGATTCGGCGC	11
GGTTAGGATTCGGCGCT	3
GGTTAGGATTCGGCGCTC	13
GGTTAGGATTCGGCGCTCT	1
GGTTAGGATTCGGCGCTCTC	1
GGTTAGGATTCGGCGCTCTCA	1
GGTTAGGATTCGGCGCTCTCACC	7
GGTTAGGATTCGGCGCTCTCACCG	2
GGTTAGGATTCGGCGCTCTCACCGCC	24
GGTTAGGATTCGGCGCTCTCACCGCCG	1
GGTTAGGATTCGGCGCTCTCACCGCCGCGGCCC	10
GGTTAGTACTCTGCGT	12
GGTTAGTACTCTGCGTT	1
GGTTAGTACTCTGCGTTGTGGCCGCAGCAACC	1
GGTTAGTACTCTGCGTTGTGGCCGCAGCAACCT	2
GGTTCAAATCCCGGACGAGC	3
GGTTCAGTGGTAGAATTCTCGCCTGCCACGCGGGAGGCCCGGGT	1
GGTTCCATAGTGTAGCGGTTATCACGTCTGCT	1
GGTTCCATAGTGTAGTGGTTATCACGTCTG	1
GGTTCCATAGTGTAGTGGTTATCACGTCTGC	34
GGTTCCATAGTGTAGTGGTTATCACGTCTGCT	5
GGTTCCATGGTGTAATGGTTAGCACTCTGG	3
GGTTCCATGGTGTAATGGTTAGCACTCTGGA	2
GGTTCCATGGTGTAATGGTTAGCACTCTGGAC	1
GGTTCCATGGTGTAATGGTTAGCACTCTGGACT	6
GGTTCCATGGTGTAATGGTTAGCACTCTGGACTC	7
GGTTCCATGGTGTAATGGTTAGCACTCTGGACTCTGAATCC	2
GGTTCCATGGTGTAATGGTTAGCACTCTGGACTCTGAATCCA	1
GGTTCCATGGTGTAATGGTTAGCACTCTGGACTCTGAATCCAGC	2
GGTTCCATGGTGTAATGGTTAGCACTCTGGACTCTGAATCCAGCG	10
GGTTCCATGGTGTAATGGTTAGCACTCTGGACTCTGAATCCAGCGA	4
GGTTCCATGGTGTAATGGTTAGCACTCTGGACTCTGAATCCAGCGATC	2
GGTTCGACTCCCGGTGTGGGAAC	5
GGTTCGATCCCCGGCACCTC	1
GGTTCGATCCCCGGCAT	1
GGTTCGATCCCGGGTTTCGGC	4
GGTTCGATCCCGGGTTTCGGCACCA	1
GGTTCGATTCCCGGCC	2
GGTTGGTGGTTCGAGC	4
GGTTGTGGGTTCGAGTCCCACCAGAGTCGCCA	2
GGTTTTTCATATCATTGGTCGTGGTTGTAGTCCGTGCGA	1
GTAAACCGAAGATCGCGGGT	4
GTAATGGTTAGCACTCTGGACTCTGAATC	3
GTAATGGTTAGCACTCTGGACTCTGAATCCAGCG	1
GTAGAATTCTCGCCTGCCACGC	2
GTAGAATTCTCGCCTGCCACGCG	3
GTAGAATTCTCGCCTGCCACGCGGGA	6
GTAGAATTCTCGCCTGCCACGCGGGAG	2
GTAGAATTCTCGCCTGCCACGCGGGAGGCCC	4
GTAGAATTCTCGCCTGCCACGCGGGAGGCCCGG	1
GTAGAATTCTCGCCTGCCACGCGGGAGGCCCGGGT	10
GTAGAATTCTCGCCTGCCACGCGGGAGGCCCGGGTT	7
GTAGCTCAGTCGGTAG	1
GTAGCTCAGTCGGTAGA	1
GTAGTCGTGGCCGAGT	6
GTAGTCGTGGCCGAGTGG	4
GTAGTCGTGGCCGAGTGGTT	8
GTAGTCGTGGCCGAGTGGTTA	5
GTAGTCGTGGCCGAGTGGTTAAG	2
GTAGTCGTGGCCGAGTGGTTAAGGC	1
GTATAGTGGTTAGTACTCTGCGTT	2
GTATAGTGGTTAGTACTCTGCGTTGTGGCCGCAGCAACCT	1
GTATGAGGCCCCGGGTT	1
GTATGATTCTCGGTTTGGGTCCG	1
GTATGATTCTCGGTTTGGGTCCGAGA	1
GTCACGCGGGAGACCG	1
GTCAGGATGGCCGAGCGGTCTAAGGCGCTGC	13
GTCAGGATGGCCGAGCGGTCTAAGGCGCTGCGTTCAGGTCGCAGTCT	2
GTCAGGATGGCCGAGTGGTCTAAGGC	14
GTCCAGGGTTCAAGTCCCTGTTCGGGCGCCA	3
GTCCCCGGTTCGAAACCG	1
GTCCGCGTGGGTTCGAACCCCACTCCTG	1
GTCCTGCCGCGGTCGCCA	1
GTCGGTAGAGCATCAGA	7
GTCGGTAGAGCATCAGAC	14
GTCGGTAGAGCATGAGACCC	4
GTCGGTAGAGCATGAGACTCTTAAT	2
GTCGGTAGAGCATGGG	1
GTCGGTAGAGCATGGGA	12
GTCGGTAGAGCATGGGAC	194
GTCGGTAGAGCATGGGACT	18
GTCGGTAGAGCATGGGACTC	57
GTCGGTAGAGCATGGGACTCT	1
GTCGGTAGAGCATGGGACTCTTAAT	4
GTCGGTAGAGCATGGGACTCTTAATCC	11
GTCGGTAGAGCATGGGACTCTTAATCCC	29
GTCTAGTGGTATGATTCTCGCTT	2
GTCTAGTGGTTAGGATTCGGCGCTCTCACCGCCGCGGCCC	2
GTGAGTATCCCCGCCTGTC	43
GTGAGTATCCCCGCCTGTCA	1
GTGAGTATCCCCGCCTGTCACGCGGGA	3
GTGAGTATCCCCGCCTGTCACGCGGGAGACCGGGGT	1
GTGATCGTATAGTGGTTAGTACTCTGCG	4
GTGCGAGAGGTCCCGGGTTCAAATCCCGGACGAGC	2
GTGGCCAAGTGGTAAGGCGTCGGTCT	2
GTGGCCGAGCGGTCTAAGGC	1
GTGGGTTCGAGCCCCACGTTGGGCG	1
GTGGGTTCGAGCCCCACGTTGGGCGCCA	8
GTGGTAGAATTCTCGCCTGCCACGCGGGA	1
GTGGTAGAATTCTCGCCTGCCACGCGGGAGGCCC	6
GTGGTAGAGCGCATGCT	1
GTGGTAGAGCGCGTGC	5
GTGGTATGATTCTCGCT	1
GTGGTATGATTCTCGCTT	4
GTGGTCTAGTGGTTAGGATTCGGCGCT	2
GTGGTCTAGTGGTTAGGATTCGGCGCTCTCACCGCCGCGGCCC	1
GTGGTCTAGTGGTTAGGATTCGGCGCTCTCACCGCCGCGGCCCGGGT	1
GTGGTTAGGATTCGGCG	26
GTGGTTAGGATTCGGCGC	5
GTGGTTAGGATTCGGCGCT	1
GTGGTTAGGATTCGGCGCTC	11
GTGGTTAGGATTCGGCGCTCT	3
GTGGTTAGGATTCGGCGCTCTC	6
GTGGTTAGGATTCGGCGCTCTCA	2
GTGGTTAGGATTCGGCGCTCTCAC	9
GTGGTTAGGATTCGGCGCTCTCACC	2
GTGGTTAGGATTCGGCGCTCTCACCG	1
GTGGTTAGGATTCGGCGCTCTCACCGC	1
GTGGTTAGGATTCGGCGCTCTCACCGCC	47
GTGGTTAGGATTCGGCGCTCTCACCGCCG	1
GTGGTTAGGATTCGGCGCTCTCACCGCCGCG	1
GTGGTTAGGATTCGGCGCTCTCACCGCCGCGGCCC	93
GTGGTTAGGATTCGGCGCTCTCACCGCCGCGGCCCG	2
GTGGTTAGGATTCGGCGCTCTCACCGCCGCGGCCCGGGT	6
GTGGTTAGTACTCTGCGT	9
GTGGTTAGTACTCTGCGTT	1
GTGGTTAGTACTCTGCGTTGTGGCCG	3
GTGGTTAGTACTCTGCGTTGTGGCCGC	2
GTGGTTAGTACTCTGCGTTGTGGCCGCAGC	2
GTGGTTAGTACTCTGCGTTGTGGCCGCAGCAACC	2
GTGGTTAGTACTCTGCGTTGTGGCCGCAGCAACCT	3
GTGGTTATCACGTCTGCTTTA	1
GTGGTTATCACGTCTGCTTTACACG	1
GTGGTTATCACGTTCGCCTCACACG	3
GTGGTTATCACGTTCGCCTCACACGC	1
GTGGTTGTAGTCCGTGCGAGA	3
GTGGTTGTAGTCCGTGCGAGAA	3
GTGGTTGTAGTCCGTGCGAGAATACCA	9
GTGTAATGGTTAGCACTCTGGACTCTGAAT	3
GTGTAATGGTTAGCACTCTGGACTCTGAATCC	4
GTGTAATGGTTAGCACTCTGGACTCTGAATCCAGCGATCCGAGT	1
GTGTAGTGGTCATCACGTTCGCC	2
GTGTAGTGGTCATCACGTTCGCCT	1
GTGTTTGTGGGTTTAAGTCCCATTGGTC	2
GTTAAAGACTTTTTCTCTGACCA	3
GTTAAGATGGCAGAGCCCGGTAA	3
GTTAAGATGGCAGAGCCCGGTAATCGCATA	1
GTTAAGATGGCAGAGCCCGGTAATCGCATAAA	3
GTTAAGATGGCAGAGCCCGGTAATCGCATAAAACTTA	4
GTTAAGATGGCAGAGCCCGGTAATCGCATAAAACTTAAAACT	2
GTTAGCGCGTTCGGCTGTTAACCGAA	2
GTTAGGATTCGGCGCT	1
GTTAGGATTCGGCGCTC	2
GTTAGGATTCGGCGCTCTCACCG	2
GTTAGGATTCGGCGCTCTCACCGCC	5
GTTAGGATTCGGCGCTCTCACCGCCG	1
GTTAGGATTCGGCGCTCTCACCGCCGCGGCCC	4
GTTAGTACTCTGCGTT	3
GTTAGTACTCTGCGTTGTGGCCGCAGC	5
GTTCAAATCCCGGACGAGCCC	1
GTTCAAGTCCCTGTTCGGGC	2
GTTCAAGTCCCTGTTCGGGCG	2
GTTCAAGTCCCTGTTCGGGCGCCA	1
GTTCAGGTCGCAGTCTCC	1
GTTCAGGTCGCAGTCTCCC	2
GTTCAGTGGTAGAATTCTCGCCTGCCACGCGGGAGGCCC	1
GTTCAGTGGTAGAATTCTCGCCTGCCACGCGGGAGGCCCG	1
GTTCGAATCCCACCGCTGC	2
GTTCGAATCCGAGTCACGGC	1
GTTCGACTCCCGGTGTGGGA	1
GTTCGACTCCCGGTGTGGGAAC	4
GTTCGAGCCCCAGTGGAACC	1
GTTCGAGCCCCAGTGGAACCACC	1
GTTCGAGCCCCAGTGGAACCACCA	2
GTTCGATCCCCAGTACCTCC	1
GTTCGATCCCCGGCATCTCC	1
GTTCGATTCCCCGACGGGGAGCCA	1
GTTCGATTCCCGGCCAACG	2
GTTCTGGTCTCCGGATGGAGG	4
GTTGTAGTCCGTGCGAGAATACC	1
GTTTCCGTAGTGTAGC	1
GTTTCCGTAGTGTAGCGGTTATCACATTCG	5
GTTTCCGTAGTGTAGCGGTTATCACATTCGC	70
GTTTCCGTAGTGTAGCGGTTATCACATTCGCC	77
GTTTCCGTAGTGTAGCGGTTATCACATTCGCCT	23
GTTTCCGTAGTGTAGCGGTTATCACATTCGCCTC	7
GTTTCCGTAGTGTAGCGGTTATCACATTCGCCTCACACGCGAA	2
GTTTCCGTAGTGTAGTGGTCATC	6
GTTTCCGTAGTGTAGTGGTCATCACGTTCGCC	11
GTTTCCGTAGTGTAGTGGTCATCACGTTCGCCT	372
GTTTCCGTAGTGTAGTGGTTATCACGTTCGCCTCACAC	2
GTTTCCGTAGTGTAGTGGTTATCACGTTCGCCTCACACG	1
GTTTCCGTAGTGTAGTGGTTATCACGTTCGCCTCACACGCG	1
GTTTCCGTAGTGTAGTGGTTATCACGTTCGCCTCACACGCGA	2
GTTTCCGTAGTGTAGTGGTTATCACGTTCGCCTCACACGCGAA	8
GTTTTCACCCAGGTGGCCCGGGTTCGACTCCCGGTATGGGAACCA	1
GTTTTTCATATCATTGGTCGTGGTTGTAGTCCGTGCGAGAATA	3
TAAACCGAAGATCACGGGTTCGAACCCCGTCCGTGCCTCCA	1
TAAAGATTAAGAGAACCAACACCTCTTTACAGTGACC	1
TAACAGCTATCCATTGGTC	1
TAACCCAGAGGTCGATGGATCG	23
TAACCCAGAGGTCGATGGATCGA	5
TAACGCCAAGGTCGCGGGTTCGATCCCCGTACGGGCCACC	1
TAACTTGACCGCTCTGAC	1
TAACTTGACCGCTCTGACC	1
TAACTTGACCGCTCTGACCA	6
TAAGCCAGGGATTGTGGGTTCGAGTCCCACCTGGGGTACC	3
TAATAGGAGCTTAAACCC	3
TAATCTGAAGGTCGTGAGTTCGATCCTCACACGGGGCACCA	2
TAATGGATAAGGCATCAGC	2
TAATGGATAAGGCATTG	9
TAATGGATAAGGCATTGGC	8
TAATGGATAAGGCATTGGCCTCCTAAGCCA	3
TAATGGATAAGGCGTC	2
TAATGGATAAGGCGTCTGA	1
TAATGGTTAGCACTCTGGACTCTGAATC	7
TAATGGTTAGCACTCTGGACTCTGAATCCAGCGATCCGAGT	1
TAATGGTTAGCACTCTGGACTTTGAATCC	1
TAATGGTTAGCACTCTGGACTTTGAATCCAGCGATCCGAGT	1
TAATTCAAAGGTTCCGGGT	2
TAATTCAAAGGTTCCGGGTT	1
TACTCTGCGTTGTGGCCGCA	2
TAGAATTCTCGCCTGCCACG	42
TAGAATTCTCGCCTGCCACGC	26
TAGAATTCTCGCCTGCCACGCGG	3
TAGAATTCTCGCCTGCCACGCGGGAGGCCC	3
TAGAATTCTCGCCTGCCACGCGGGAGGCCCGGG	2
TAGAATTCTCGCCTGCCACGCGGGAGGCCCGGGT	1
TAGATCCTTAGGTCGCTG	1
TAGATTGAAGCCAGTTGATTAGGGTGCTTAGCTGTTAACT	2
TAGCACTCTGGACTCTGAATCC	1
TAGCACTCTGGACTCTGAATCCA	1
TAGCACTCTGGACTTTGAATCCAGCGATCCGAGTT	2
TAGCGTGGCCGAGCGGTCT	1
TAGCGTGGCCGAGCGGTCTA	1
TAGCGTGGCCGAGCGGTCTAAGGC	5
TAGCTCAGTCGGTAGAGCATCAGA	3
TAGCTCAGTCGGTAGAGCATCAGAC	15
TAGCTCAGTCGGTAGAGCATGGGAC	19
TAGCTCAGTCGGTAGAGCATGGGACT	1
TAGCTCAGTCGGTAGAGCATGGGACTC	10
TAGGATGGGGTGTGATAGGTGGCA	3
TAGGATGGGGTGTGATAGGTGGCACGGAG	1
TAGGATGGGGTGTGATAGGTGGCACGGAGA	1
TAGGATGGGGTGTGATAGGTGGCACGGAGAA	1
TAGGATGGGGTGTGATAGGTGGCACGGAGAATT	3
TAGGATGGGGTGTGATAGGTGGCACGGAGAATTTT	1
TAGGATGGGGTGTGATAGGTGGCACGGAGAATTTTG	9
TAGGATTCGGCGCTCT	1
TAGGATTCGGCGCTCTCACC	1
TAGGATTCGGCGCTCTCACCGCCGCGGCCC	1
TAGGGGTATGATTCTCGGTTTGGGTCCGAGA	2
TAGGGGTCGTGAGTTCAAATCTC	1
TAGGGTGCTTAGCTGTTAACT	3
TAGGTAGCGCATCAGTC	1
TAGGTTCGACTCCTGGCTGGCTCGCCA	1
TAGTACTCTGCGTTGTGGCCGCAGCAACC	1
TAGTCCGTGCGAGAATACC	2
TAGTGGTATCATGCAAGATTCCCATTCTTGCGACCCGGGT	1
TAGTGGTGAGTATCCCCGCCTGTC	1
TAGTGGTGAGTATCCCCGCCTGTCAC	3
TAGTGGTGAGTATCCCCGCCTGTCACG	1
TAGTGGTGAGTATCCCCGCCTGTCACGC	2
TAGTGGTGAGTATCCCCGCCTGTCACGCGGGAGACCG	2
TAGTGGTGAGTATCCCCGCCTGTCACGCGGGAGACCGGGGTT	1
TAGTGGTTAGGATTCGGCG	15
TAGTGGTTAGGATTCGGCGC	3
TAGTGGTTAGGATTCGGCGCT	1
TAGTGGTTAGGATTCGGCGCTCTCACC	5
TAGTGGTTAGGATTCGGCGCTCTCACCGC	1
TAGTGGTTAGGATTCGGCGCTCTCACCGCC	81
TAGTGGTTAGGATTCGGCGCTCTCACCGCCGC	2
TAGTGGTTAGGATTCGGCGCTCTCACCGCCGCGGCCC	62
TAGTGGTTAGGATTCGGCGCTCTCACCGCCGCGGCCCG	4
TAGTGGTTAGGATTCGGCGCTCTCACCGCCGCGGCCCGGGT	3
TAGTGGTTAGTACTCTGCG	5
TAGTGGTTAGTACTCTGCGT	1
TAGTGGTTAGTACTCTGCGTT	18
TAGTGGTTAGTACTCTGCGTTG	3
TAGTGGTTAGTACTCTGCGTTGTGGCCGCAGC	2
TAGTGGTTAGTACTCTGCGTTGTGGCCGCAGCAA	3
TAGTGGTTAGTACTCTGCGTTGTGGCCGCAGCAACC	6
TAGTGGTTAGTACTCTGCGTTGTGGCCGCAGCAACCT	7
TAGTGGTTAGTATCCCCGCCTGTCAC	1
TAGTGTAGCGGTTATC	2
TAGTGTAGCGGTTATCACATTCGCC	2
TAGTGTAGTGGTCATC	1
TAGTGTAGTGGTTATCACGTCTGCTTT	1
TATAAATAGTACCGTTAACTTC	1
TATAGTGGTTAGTACTCTGCGTT	2
TATAGTGGTTAGTACTCTGCGTTGTGGCCGCAGCAACCT	3
TATCATTGGTCGTGGTTGTAGTCCGTGCGAGA	1
TATCATTGGTCGTGGTTGTAGTCCGTGCGAGAA	1
TATCATTGGTCGTGGTTGTAGTCCGTGCGAGAATACCA	6
TCAAAGGTTCCGGGTT	2
TCAAATCCCGGACGAGC	1
TCAAATCCCGGACGAGCC	16
TCAAATCCCGGACGAGCCC	7
TCAAATCCCGGACGAGCCCC	14
TCAAATCCCGGACGAGCCCCC	15
TCAAATCCCGGACGAGCCCCCA	41
TCAAATCCGGGTGCCC	1
TCAAATCTCGCTGGGGCCTCCA	2
TCAAATCTCGGTGGAACC	1
TCAAATCTCGGTGGAACCT	6
TCAAATCTCGGTGGAACCTCC	1
TCAACTTAACTTGACCGCTCTGACC	2
TCAACTTAACTTGACCGCTCTGACCA	1
TCAAGTCCCTGTTCGGGCGCCA	5
TCAATCCCCGGCACCTCCA	2
TCAATCCCCGGCACCTCCACC	1
TCAATCCCCGGCACCTCCACCA	2
TCAATCCCCGGCATCTCCA	1
TCACACGCGAAAGGTCCCCGGT	1
TCACCCAGGCGGCCCGGGTTCGACTCCCGGTGTGGGAAC	3
TCACCGCCGCGGCCCGGGTT	4
TCACGCGGGAGACCGGGGTTCAATTCCCCGACGGGGAGC	3
TCACGCGGGAGACCGGGGTTCAATTCCCCGACGGGGAGCCA	2
TCACGCGGGAGACCGGGGTTCGATTCCCCGACGGGGAGC	1
TCACGCGGGAGACCGGGGTTCGATTCCCCGACGGGGAGCC	2
TCACGCGGGAGACCGGGGTTCGATTCCCCGACGGGGAGCCA	8
TCACGTCTGCTTTACACGC	1
TCAGAAGATTCCAGGTTCGACTCCTGGC	1
TCAGAAGATTGCAGGTTCGAGTCCTGCCGCGGTCGCCA	2
TCAGAAGGCTGCGTGTTC	2
TCAGGGGTAGAGCACT	4
TCAGTCGGTAGAGCATC	5
TCAGTCGGTAGAGCATCAGA	9
TCAGTCGGTAGAGCATCAGAC	27
TCAGTCGGTAGAGCATGGGAC	5
TCAGTCGGTAGAGCATGGGACTC	1
TCAGTCGGTAGAGCATGGGACTCTTAATCCC	7
TCAGTCGGTAGAGCATGGGACTCTTAATCCCA	1
TCAGTCGGTAGAGCATGGGACTCTTAATCCCAGGGTCGTGGGTTC	2
TCAGTGGTAGAGCGCATGC	3
TCAGTTGGTAGAGCATCAGACT	2
TCATAATCTGAAGGTCCTGAGTTCGAACCTCAGAGGGGGCACCA	2
TCATATCATTGGTCGTGGTTGTAGTCCGTGCGAGAATA	1
TCATTGGTCGTGGTTGTAGTCCGTGCGAGAATACCA	2
TCCAGGGTTCAAGTCCCTGTTCGGGCGC	3
TCCAGGGTTCAAGTCCCTGTTCGGGCGCCA	25
TCCATTGGGGTTTCCCCGCGCAGG	2
TCCCACATGGTCTAGCGG	3
TCCCACATGGTCTAGCGGTTAG	3
TCCCACATGGTCTAGCGGTTAGGATT	3
TCCCACATGGTCTAGCGGTTAGGATTC	2
TCCCACATGGTCTAGCGGTTAGGATTCC	10
TCCCACATGGTCTAGCGGTTAGGATTCCT	19
TCCCACATGGTCTAGCGGTTAGGATTCCTG	10
TCCCACATGGTCTAGCGGTTAGGATTCCTGG	94
TCCCACATGGTCTAGCGGTTAGGATTCCTGGT	136
TCCCACATGGTCTAGCGGTTAGGATTCCTGGTT	126
TCCCACATGGTCTAGCGGTTAGGATTCCTGGTTT	18
TCCCACATGGTCTAGCGGTTAGGATTCCTGGTTTT	53
TCCCACATGGTCTAGCGGTTAGGATTCCTGGTTTTCACCCA	2
TCCCACCCTCGTCGCCA	1
TCCCACCGCTGCCACCA	1
TCCCATATGGTCTAGCGGTTAGGATT	5
TCCCATATGGTCTAGCGGTTAGGATTCCTG	2
TCCCATATGGTCTAGCGGTTAGGATTCCTGGT	13
TCCCATATGGTCTAGCGGTTAGGATTCCTGGTT	15
TCCCATATGGTCTAGCGGTTAGGATTCCTGGTTT	2
TCCCATATGGTCTAGCGGTTAGGATTCCTGGTTTT	8
TCCCATCCTCGTCGCCA	14
TCCCCAGTACCTCCACC	1
TCCCCGCGCAGGTTCGAATCCT	3
TCCCCGCGCAGGTTCGAATCCTG	1
TCCCCGGCACCTCCAC	5
TCCCCGGCACCTCCACC	3
TCCCCGGCACCTCCACCA	3
TCCCCGGCATCTCCACC	10
TCCCCGGCATCTCCACCA	22
TCCCGGGCGGCGCACCA	6
TCCCTGGTGGTCTAGTGGCTAGGATTCGGCGC	2
TCCCTGGTGGTCTAGTGGCTAGGATTCGGCGCT	30
TCCCTGGTGGTCTAGTGGCTAGGATTCGGCGCTT	6
TCCCTGGTGGTCTAGTGGCTAGGATTCGGCGCTTTC	4
TCCCTGGTGGTCTAGTGGTTAGGATTCGGCG	339
TCCCTGGTGGTCTAGTGGTTAGGATTCGGCGC	1263
TCCCTGGTGGTCTAGTGGTTAGGATTCGGCGCT	1249
TCCCTGGTGGTCTAGTGGTTAGGATTCGGCGCTC	366
TCCCTGGTGGTCTAGTGGTTAGGATTCGGCGCTCT	496
TCCCTGGTGGTCTAGTGGTTAGGATTCGGCGCTCTC	12
TCCCTGGTGGTCTAGTGGTTAGGATTCGGCGCTCTCACC	9
TCCCTGGTGGTCTAGTGGTTAGGATTCGGCGCTCTCACCG	1
TCCCTGGTGGTCTAGTGGTTAGGATTCGGCGCTCTCACCGC	5
TCCCTGGTGGTCTAGTGGTTAGGATTCGGCGCTCTCACCGCC	26
TCCCTGGTGGTCTAGTGGTTAGGATTCGGCGCTCTCACCGCCG	1
TCCCTGGTGGTCTAGTGGTTAGGATTCGGCGCTCTCACCGCCGCGG	4
TCCGGATGGAGGCGTGGGT	1
TCCGGATGGAGGCGTGGGTTCGAATCCCACTTCTGACACCA	1
TCCGGCTCGAAGGACC	6
TCCGGGGTTCAAGTCCCTGTTCGGGCGCCA	1
TCCGGGTGCCCCCTCC	2
TCCGGGTGCCCCCTCCA	1
TCCGGGTTCGAGTCCCGGCGGAGTCGCCA	1
TCCTCACCTGGAGCACCA	1
TCCTCGCTGGGGCCTC	1
TCCTCGTTAGTATAGTGGTGAG	1
TCCTCGTTAGTATAGTGGTGAGTATCCCCG	3
TCCTCGTTAGTATAGTGGTGAGTATCCCCGC	1
TCCTCGTTAGTATAGTGGTGAGTATCCCCGCCT	6
TCCTCGTTAGTATAGTGGTGAGTATCCCCGCCTG	2
TCCTCGTTAGTATAGTGGTGAGTATCCCCGCCTGT	9
TCCTGAGTTCGAACCTCAGAGGGGGC	2
TCCTGAGTTCGAACCTCAGAGGGGGCA	2
TCCTGCCGACTACGCCA	1
TCCTGCCGCGGTCGCCA	1
TCGAAACCATCCTCTG	1
TCGAAACCATCCTCTGCT	32
TCGAAACCATCCTCTGCTA	7
TCGAAACCATCCTCTGCTAC	5
TCGAAACCATCCTCTGCTACC	24
TCGAAACCATCCTCTGCTACCA	11
TCGAAACCGGGCAGAA	1
TCGAAACCGGGCGGAA	4
TCGAAACCGGGCGGAAAC	6
TCGAAACCGGGCGGAAACA	28
TCGAAACCGGGCGGAAACAC	2
TCGAAACCGGGCGGAAACACC	2
TCGAAACCGGGCGGAAACACCA	52
TCGAAATCCAATGGGGTTTCCCC	3
TCGAATCACGTCGGGGT	1
TCGAATCACGTCGGGGTCACCA	3
TCGAATCCCACCGCTGCCACCA	1
TCGAATCCCACCTTCGTCGCC	3
TCGAATCCCACTCCTGACA	10
TCGAATCCCACTCCTGACAC	2
TCGAATCCCACTCCTGACACC	10
TCGAATCCCACTCCTGACACCA	55
TCGAATCCCACTTCTGACACC	8
TCGAATCCCACTTCTGACACCA	54
TCGAATCCCAGCGGGGCCT	1
TCGAATCCCAGCGGGGCCTC	1
TCGAATCCCAGCGGTG	1
TCGAATCCCAGCGGTGCCTC	1
TCGAATCCCAGCGGTGCCTCC	2
TCGAATCCCAGCGGTGCCTCCA	2
TCGAATCCCATCCTCGTCG	4
TCGAATCCCATCCTCGTCGC	4
TCGAATCCCATCCTCGTCGCC	65
TCGAATCCCATCCTCGTCGCCA	38
TCGAATCCGAGTCACGGCA	42
TCGAATCCGAGTCACGGCAC	19
TCGAATCCGAGTCACGGCACC	3
TCGAATCCGAGTCACGGCACCA	14
TCGAATCCGGCTCGAAGGACC	1
TCGAATCCTGCCGACT	1
TCGAATCCTGCCGACTACGCCA	1
TCGACTCCCGGTGTGGGAAC	5
TCGACTCCCGGTGTGGGAACC	4
TCGACTCCCGGTGTGGGAACCA	6
TCGACTCCTGGCTGGCTCGC	1
TCGACTCCTGGCTGGCTCGCC	5
TCGACTCCTGGCTGGCTCGCCA	7
TCGAGCCCCAGTGGAACC	3
TCGAGCCCCAGTGGAACCACC	5
TCGAGCCCCAGTGGAACCACCA	20
TCGAGTCCCGGCGGAGTC	1
TCGAGTCCCTTCGTGGTCGCCA	3
TCGAGTCCTGCCGCGGTCGCCA	3
TCGAGTCTCGGTGGAACCTCC	1
TCGATAGCTCAGCTGGTAGAGCGGAGGA	1
TCGATCCCCGGCATCTCCACCA	5
TCGATCCCCGTACGGGCC	3
TCGATCCCGGGTTTCGGC	1
TCGATCCCGGGTTTCGGCAC	1
TCGATCCCGGGTTTCGGCACCA	1
TCGATGCCCGCATCCTCCACC	2
TCGATGCCCGCATCCTCCACCA	3
TCGATGGCGTGGGTTC	3
TCGATGGCGTGGGTTCGAATCCCACC	1
TCGATTCCCCGACGGGGAGC	4
TCGATTCCCCGACGGGGAGCCA	3
TCGATTCCCGGCCAACGCACCA	3
TCGATTCCCGGCCAATGCA	6
TCGATTCCCGGCCAATGCAC	2
TCGATTCCCGGCCAATGCACCA	8
TCGATTCCCGGGCGGC	1
TCGATTCCCGGGCGGCGCACCA	13
TCGATTCCGGCTCGAAGGAC	1
TCGATTCCGGCTCGAAGGACC	3
TCGATTCCGGCTCGAAGGACCA	1
TCGCCTGCCACGCGGGAGGCCCGGGT	6
TCGCGGGTTCGATCCCCGTACGGGCC	1
TCGCGGGTTCGATCCCCGTACGGGCCA	2
TCGCTGGTTCGAATCCG	2
TCGCTGGTTCGATTCCGGCTCGAAGGACC	2
TCGCTGGTTCGATTCCGGCTCGAAGGACCA	1
TCGGCGCTCTCACCGCC	4
TCGGCGCTCTCACCGCCGCGGCCC	1
TCGGCGCTCTCACCGCCGCGGCCCG	2
TCGGCTGTTAACCGAAAGGTTGG	1
TCGGCTGTTAACCGAAAGGTTGGTGGT	1
TCGGCTGTTAACCGAAAGGTTGGTGGTTCGAGCCCACCCAGGGACGC	1
TCGGGGGCGTGGGTTCGAATCCCACCGCTG	1
TCGGGTGCGAGAGGTCCC	7
TCGGGTGCGAGAGGTCCCGGGT	5
TCGGGTGCGAGAGGTCCCGGGTT	3
TCGGTAGAGCATCAGA	4
TCGGTAGAGCATCAGAC	10
TCGGTAGAGCATCAGACT	1
TCGGTAGAGCATGAGACTCTTAATCT	2
TCGGTAGAGCATGGGA	8
TCGGTAGAGCATGGGAC	177
TCGGTAGAGCATGGGACT	21
TCGGTAGAGCATGGGACTC	82
TCGGTAGAGCATGGGACTCTTAATCC	19
TCGGTAGAGCATGGGACTCTTAATCCC	27
TCGGTAGAGCATGGGACTCTTAATCCCAGGGTCGTGGGT	2
TCGGTAGAGCATGGGACTCTTAATCCCAGGGTCGTGGGTTCG	2
TCGGTTTGGGTCCGAGAGGTCCCGG	3
TCGTAAACCGAAGATCGCGGGT	2
TCGTATAGTGGTTAGTACTCTGCG	24
TCGTATAGTGGTTAGTACTCTGCGTT	1
TCGTATAGTGGTTAGTACTCTGCGTTGTGGCCGCAGCA	3
TCGTATAGTGGTTAGTACTCTGCGTTGTGGCCGCAGCAACC	4
TCGTATAGTGGTTAGTACTCTGCGTTGTGGCCGCAGCAACCT	23
TCGTATAGTGGTTAGTACTCTGCGTTGTGGCCGCAGCAACCTCGGT	4
TCGTGGGTTCGAGCCCCACGTTGGGC	2
TCGTGGGTTCGAGCCCCACGTTGGGCG	7
TCGTGGGTTCGAGCCCCACGTTGGGCGC	1
TCGTGGGTTCGAGCCCCACGTTGGGCGCCA	8
TCGTGGTTGTAGTCCGTGCGAGAATACC	3
TCGTGGTTGTAGTCCGTGCGAGAATACCA	2
TCTAGTGGTATGATTCTCGCTT	3
TCTAGTGGTTAGGATTCGGCG	3
TCTAGTGGTTAGGATTCGGCGCTCTCAC	1
TCTAGTGGTTAGGATTCGGCGCTCTCACCGC	1
TCTAGTGGTTAGGATTCGGCGCTCTCACCGCC	2
TCTAGTGGTTAGGATTCGGCGCTCTCACCGCCGCGGCCC	2
TCTAGTGGTTAGGATTCGGCGCTCTCACCGCCGCGGCCCGGGT	1
TCTCACCGCCGCGGCCCG	3
TCTCACCGCCGCGGCCCGGGTT	3
TCTCAGGGATGGGTTCGATTCTCATAGTCCTAGCC	1
TCTCATAATCTGAAGGTCCTGAGTTCGAACC	1
TCTCCGGATGGAGGCGTGGGT	1
TCTCCGGATGGAGGCGTGGGTTCGAATCCCACTTCTGACACCA	1
TCTCGGTGGAACCTCCA	2
TCTGAAGGTCGTGAGTTCGAGCCTCACACGGGGCA	1
TCTGAAGGTCGTGAGTTCGAGCCTCACACGGGGCACCA	3
TCTGAAGGTCGTGAGTTCGATCCTCACACGGGGCACCA	7
TCTGAATCCAGCGATCCGA	3
TCTGAATCCAGCGATCCGAG	3
TCTGAATCCAGCGATCCGAGT	21
TCTGAATCCAGCGATCCGAGTT	5
TCTGAATCCAGCGATCCGAGTTC	1
TCTGAATCCAGCGATCCGAGTTCAAATCTCGGTGGAACCTC	1
TCTGACTTCGGATCAGAAGATTGAGGGT	1
TCTGAGGGTCCAGGGTTCAAGTCCCTGTTCGGGCGCCA	18
TCTGAGGGTCCAGGGTTCATGTCCCTG	1
TCTGATTCCGGATCAGAAGATTGAGGGT	1
TCTGCGTTGTGGCCGC	4
TCTGGACTCTGAATCCAGCGATCCGAG	3
TCTGGACTCTGAATCCAGCGATCCGAGT	6
TCTGGACTCTGAATCCAGCGATCCGAGTT	2
TCTTGCGACCCGGGTTCGATTCCCGGGCG	1
TCTTGCGACCCGGGTTCGATTCCCGGGCGGCGC	2
TGAAAACCTTTTTCCAAGGAC	1
TGAATCCAGCGATCCGAG	4
TGAATCCAGCGATCCGAGT	40
TGAATCCAGCGATCCGAGTT	33
TGAATCCAGCGATCCGAGTTC	26
TGAATCCAGCGATCCGAGTTCA	2
TGAATCCAGCGATCCGAGTTCAAA	2
TGAATCTGACAACAGAGGCTTACGACCCCT	1
TGAATCTGACAACAGAGGCTTACGACCCCTTATTTACC	4
TGAATCTGACAACAGAGGCTTACGACCCCTTATTTACCC	3
TGAATCTGACAACAGAGGCTTACGACCCCTTATTTACCCC	5
TGAATCTGACAACAGAGGCTTACGACCCCTTATTTACCCCA	1
TGACTGCAGATCAAGAGGTCCCCGG	2
TGACTGCAGATCAAGAGGTCCCCGGT	11
TGACTGCAGATCAAGAGGTCCCCGGTT	4
TGACTGCAGATCAAGAGGTCCCTGGT	1
TGACTTCGGATCAGAAGATTGAGGGT	2
TGAGGGTCCAGGGTTCAAGTCCCTGTTCGGGC	1
TGAGGGTCCAGGGTTCAAGTCCCTGTTCGGGCGCCA	1
TGAGTATCCCCGCCTGTC	1
TGAGTATCCCCGCCTGTCACGCGGG	1
TGAGTTCGAACCTCAGAGGGGGCAC	3
TGATTCTCGGTTTGGGTCCG	1
TGCACGAGGCCCCGGGT	1
TGCAGGTTCGAGTCCTG	1
TGCAGGTTCGAGTCCTGCCGCGGTC	1
TGCATGGGTGGTTCAGTGGTAGAATTCTCGC	1
TGCATTGGTGGTTCAGTGGTAGAATTCTCGC	21
TGCATTGGTGGTTCAGTGGTAGAATTCTCGCC	1
TGCATTGGTGGTTCAGTGGTAGAATTCTCGCCT	1
TGCCGAGGTTGTGAGTTC	2
TGCCGTGATCGTATAGTGG	4
TGCCGTGATCGTATAGTGGTT	1
TGCCGTGATCGTATAGTGGTTA	39
TGCCGTGATCGTATAGTGGTTAG	7
TGCCGTGATCGTATAGTGGTTAGT	4
TGCCGTGATCGTATAGTGGTTAGTACTCTGC	10
TGCCGTGATCGTATAGTGGTTAGTACTCTGCG	6
TGCCGTGATCGTATAGTGGTTAGTACTCTGCGTT	19
TGCCGTGATCGTATAGTGGTTAGTACTCTGCGTTG	6
TGCGAGAGGTCCCGGGTTCAAATCCCGGACGAGCC	2
TGGACATATGTCCGCGTGGGT	3
TGGACTCTGAATCCAGCGATCCGAG	1
TGGACTCTGAATCCAGCGATCCGAGT	3
TGGACTTTGAATCCAGCGATCCG	1
TGGACTTTGAATCCAGCGATCCGAGTT	1
TGGATAAGGCGTCTGA	16
TGGATAAGGCGTCTGACTTCGGATCAG	4
TGGCCGCAGCAACCTCGGTTC	3
TGGCCGCAGCAACCTCGGTTCG	3
TGGGCCCATAACCCAGAGGTCGATGGA	2
TGGGGATTGTGGGTTCGAGTC	2
TGGGGATTGTGGGTTCGAGTCCCATCT	1
TGGGGGGTTCGATTCC	2
TGGGTGCGAGAGGTCCCGGGT	1
TGGGTGCGAGAGGTCCCGGGTT	2
TGGGTTCGAATCCCACTTCTGACAC	1
TGGGTTCGAATCCCATCCTCGTCGCCA	1
TGGTAGAATTCTCGCCTGCCACG	3
TGGTAGAATTCTCGCCTGCCACGC	10
TGGTAGAATTCTCGCCTGCCACGCG	7
TGGTAGAATTCTCGCCTGCCACGCGG	5
TGGTAGAATTCTCGCCTGCCACGCGGG	2
TGGTAGAATTCTCGCCTGCCACGCGGGA	2
TGGTAGAATTCTCGCCTGCCACGCGGGAGGC	2
TGGTAGAATTCTCGCCTGCCACGCGGGAGGCC	3
TGGTAGAATTCTCGCCTGCCACGCGGGAGGCCC	63
TGGTAGAATTCTCGCCTGCCACGCGGGAGGCCCG	2
TGGTAGAATTCTCGCCTGCCACGCGGGAGGCCCGG	2
TGGTAGAATTCTCGCCTGCCACGCGGGAGGCCCGGG	5
TGGTAGAATTCTCGCCTGCCACGCGGGAGGCCCGGGT	56
TGGTAGAATTCTCGCCTGCCACGCGGGAGGCCCGGGTT	4
TGGTAGAATTCTCGCCTGCCACGCGGGAGGCCCGGGTTT	1
TGGTAGAGCATTTGACTGCAGATCAAGAGGTCCCCGGT	1
TGGTAGAGCGCGCGCT	2
TGGTAGAGCGCGTGCT	2
TGGTCGTGGTTGTAGTCCGTGCGAGAATACCA	5
TGGTCTAAGGCGCCAG	1
TGGTCTAGCGGTTAGGATTCCT	1
TGGTCTAGCGGTTAGGATTCCTGG	2
TGGTCTAGCGGTTAGGATTCCTGGTTTTCA	3
TGGTCTAGCGGTTAGGATTCCTGGTTTTCACCCAG	5
TGGTCTAGTGGTATGATTC	1
TGGTCTAGTGGTTAGGATTCGGCGC	1
TGGTCTAGTGGTTAGGATTCGGCGCT	5
TGGTCTAGTGGTTAGGATTCGGCGCTC	2
TGGTCTAGTGGTTAGGATTCGGCGCTCTCA	1
TGGTCTAGTGGTTAGGATTCGGCGCTCTCACCGCCGCGGCCC	2
TGGTGAGTATCCCCGCCTGTCAC	4
TGGTGGTCTAGTGGTTAGGATTCGGCGCTCTCACC	1
TGGTGGTCTAGTGGTTAGGATTCGGCGCTCTCACCGCC	3
TGGTGGTCTAGTGGTTAGGATTCGGCGCTCTCACCGCCGCGGCCC	1
TGGTGGTCTAGTGGTTAGGATTCGGCGCTCTCACCGCCGCGGCCCG	3
TGGTGTAATGGTTAGCACTCTGGACTCTGAAT	5
TGGTGTAATGGTTAGCACTCTGGACTCTGAATC	12
TGGTGTAATGGTTAGCACTCTGGACTCTGAATCCA	11
TGGTGTAATGGTTAGCACTCTGGACTCTGAATCCAGCGATCC	2
TGGTGTAATGGTTAGCACTCTGGACTCTGAATCCAGCGATCCGAG	2
TGGTGTAATGGTTAGCACTCTGGACTCTGAATCCAGCGATCCGAGT	12
TGGTGTAATGGTTAGCACTCTGGACTCTGAATCCAGCGATCCGAGTT	7
TGGTGTAATGGTTAGCACTCTGGACTTTGAATC	2
TGGTGTAATGGTTAGCACTCTGGACTTTGAATCC	3
TGGTGTAATGGTTAGCACTCTGGACTTTGAATCCA	2
TGGTGTAATGGTTAGCACTCTGGACTTTGAATCCAGCGATCCGAGT	1
TGGTTAAGGCATTGGA	3
TGGTTAAGGCATTGGAC	4
TGGTTAAGGCGTTGGA	1
TGGTTAAGGCGTTGGAC	2
TGGTTAGCACTCTGGACTCTGAATC	5
TGGTTAGCACTCTGGACTCTGAATCC	1
TGGTTAGCACTCTGGACTCTGAATCCA	2
TGGTTAGCACTCTGGACTTTGAAT	6
TGGTTAGGATTCGGCG	3
TGGTTAGGATTCGGCGC	7
TGGTTAGGATTCGGCGCTC	21
TGGTTAGGATTCGGCGCTCT	8
TGGTTAGGATTCGGCGCTCTC	7
TGGTTAGGATTCGGCGCTCTCA	1
TGGTTAGGATTCGGCGCTCTCAC	2
TGGTTAGGATTCGGCGCTCTCACC	2
TGGTTAGGATTCGGCGCTCTCACCG	5
TGGTTAGGATTCGGCGCTCTCACCGCC	224
TGGTTAGGATTCGGCGCTCTCACCGCCG	2
TGGTTAGGATTCGGCGCTCTCACCGCCGC	1
TGGTTAGGATTCGGCGCTCTCACCGCCGCGGCCC	40
TGGTTAGGATTCGGCGCTCTCACCGCCGCGGCCCGGGTTCGAT	4
TGGTTAGTACTCTGCGT	2
TGGTTAGTACTCTGCGTT	1
TGGTTAGTACTCTGCGTTG	3
TGGTTAGTACTCTGCGTTGTGGCCGCAGC	8
TGGTTAGTACTCTGCGTTGTGGCCGCAGCAACC	1
TGGTTAGTACTCTGCGTTGTGGCCGCAGCAACCT	4
TGGTTATCACGTCTGC	1
TGGTTATCACGTCTGCTTTACA	1
TGGTTCAGTGGTAGAATTCTCGCCTCCCACGCGGGAG	2
TGGTTCAGTGGTAGAATTCTCGCCTGCCACGCGGGAGGCCCGGGT	4
TGGTTCAGTGGTAGAATTCTCGCCTGCCACGCGGGAGGCCCGGGTT	1
TGGTTCGATTCCGGCTCGAAGGACCA	2
TGGTTGTAGTCCGTGCGAGAA	3
TGTAATGGTTAGCACTCTGGACTCTGAAT	2
TGTAATGGTTAGCACTCTGGACTCTGAATCCAGCGATCCGAGTT	3
TGTAATGGTTAGCACTCTGGACTTTGA	1
TGTAATGGTTAGCACTCTGGACTTTGAATCCAGC	4
TGTAGCGGTTATCACATTCG	7
TGTAGCGGTTATCACATTCGCCT	1
TGTAGTCGTGGCCGAGT	1
TGTAGTGGTATCATGCAAGATTCCCATTCTTGCGACCCGGGT	1
TGTAGTGGTCATCACGTTCGCC	2
TGTAGTGGTTATCACGTCTGC	1
TGTATGAGGCCCCGGGTTCGATCCCCGGCATCTCC	4
TGTCACGCGGGAGACCG	4
TGTCACGCGGGAGACCGGGGTTCGATTCCCCGACGGGGAGCCA	1
TGTGCTCTGCACGCGTGGGTT	1
TGTGCTTTGCACGCGTGGGT	3
TGTTTGTGGGTTTAAGTC	1
TTAAAGACTTTTTCTCTGACC	3
TTAACCGAAAGGTTGGTGGTTC	1
TTAACCGAAAGGTTGGTGGTTCG	2
TTAACTTGACCGCTCTGACC	1
TTAACTTGACCGCTCTGACCA	4
TTACACTTAGGAGATTTCAACTTAACTTGACCGCTCTGAC	1
TTACACTTAGGAGATTTCAACTTAACTTGACCGCTCTGACC	1
TTACACTTAGGAGATTTCAACTTAACTTGACCGCTCTGACCA	4
TTAGCACTCTGGACTCTGAAT	8
TTAGCACTCTGGACTCTGAATC	12
TTAGCACTCTGGACTCTGAATCCA	1
TTAGCACTCTGGACTCTGAATCCAGC	3
TTAGCACTCTGGACTCTGAATCCAGCGATCCGAG	4
TTAGCACTCTGGACTCTGAATCCAGCGATCCGAGT	2
TTAGCACTCTGGACTCTGAATCCAGCGATCCGAGTTC	2
TTAGCACTCTGGACTTTGAATCCAGCGATCCGAGTT	1
TTAGCTTTGGGTGCTAATGGTGGAGTTAAAGACTTTTTCTCTGACC	1
TTAGGATTCGGCGCTCTCACCG	2
TTAGGATTCGGCGCTCTCACCGCC	1
TTAGGTCGCTGGTTCGATTCCGGCTCGAAGGACCA	3
TTAGTACTCTGCGTTGTGGCCGCA	1
TTAGTACTCTGCGTTGTGGCCGCAGC	3
TTCAAAGGTTCCGGGTT	1
TTCAAATCCCGGACGAGCC	1
TTCAAATCCCGGACGAGCCC	2
TTCAAATCCCGGACGAGCCCC	1
TTCAAATCCCGGACGAGCCCCCA	5
TTCAAATCTCGCTGGG	1
TTCAAATCTCGGTGGAACCT	1
TTCAAGTCACGTCGGGGT	1
TTCAAGTCCCTGTTCGGGCGCCA	2
TTCAATCCCGGGTTTCGGCACCA	3
TTCAGGTCGCAGTCTC	1
TTCAGGTCGCAGTCTCC	5
TTCAGGTCGCAGTCTCCC	82
TTCAGTGGTAGAATTCTCGCCTGCCACGCGGGAGGCCC	2
TTCAGTGGTAGAATTCTCGCCTGCCACGCGGGAGGCCCGGGT	2
TTCATATCATTGGTCGTGGTTGTAGTCCGTG	1
TTCATATCATTGGTCGTGGTTGTAGTCCGTGCGAGAAT	3
TTCATATCATTGGTCGTGGTTGTAGTCCGTGCGAGAATACCA	7
TTCCAAGCAGTTGACCC	1
TTCCCATTCTTGCGAC	1
TTCCCATTCTTGCGACCC	3
TTCCCATTCTTGCGACCCG	1
TTCCCCGCACAGGTTCGAATCCT	6
TTCCCGGCCAACGCACCA	1
TTCCCGGGCGGCGCAC	3
TTCCCGGGCGGCGCACC	5
TTCCCGGGCGGCGCACCA	7
TTCCCTGGTGGTCTAGTGGTTAGGATTCGGCGC	1
TTCCCTGGTGGTCTAGTGGTTAGGATTCGGCGCT	1
TTCCCTGGTGGTCTAGTGGTTAGGATTCGGCGCTCT	2
TTCCGGATCAGAAGATTGAGGGT	3
TTCCGGCTCGAAGGAC	3
TTCCGGCTCGAAGGACC	9
TTCCGGGTTCGAGTCCCGGCGGA	2
TTCCGTAGTGTAGTGGTCATC	1
TTCCGTAGTGTAGTGGTTATCACGTTCGCCTCACAC	1
TTCGAAACCGGGCGGAAA	2
TTCGAAACCGGGCGGAAAC	2
TTCGAAACCGGGCGGAAACACCA	3
TTCGAATCCCACTTCTGACA	1
TTCGAATCCCACTTCTGACACCA	1
TTCGAATCCCAGTAGAGCCT	2
TTCGAATCCGGCTCGAAGGACCA	1
TTCGAATCCTGCCGACT	1
TTCGACTCCCGGTGTGGGAACCA	3
TTCGACTCCTGGCTGGCTCGCCA	3
TTCGAGCCCCAGTGGAAC	1
TTCGAGCCCCAGTGGAACC	9
TTCGAGTCCCACCCGG	1
TTCGAGTCCTGCCGCGGTC	1
TTCGAGTCTCGGTGGAACCT	1
TTCGATCCCCGGCATC	3
TTCGATCCCCGGCATCTCCACC	1
TTCGATCCCCGGCATCTCCACCA	9
TTCGATCCCGGGTTTCGGCACCA	1
TTCGATTCCCGGGCGGCGC	1
TTCGATTCCCGGTCAGGGAACCA	1
TTCGATTCCGGCTCGAAGGACCA	2
TTCGGCGCTCTCACCGCCGCGGC	7
TTCGGCGCTCTCACCGCCGCGGCCC	4
TTCGGCGCTCTCACCGCCGCGGCCCG	1
TTCGGCGCTCTCACCGCCGCGGCCCGGGTT	3
TTCGGCGCTCTCACCGCCGCGGCCCGGGTTCGATTCCCGGTCAGGGAA	1
TTCTCGCCTGCCACGC	3
TTCTGGTCTCCGGATGGA	2
TTCTGGTCTCCGGATGGAGG	1
TTGAATCCAGCGATCCGAGTT	2
TTGACCGCTCTGACCA	8
TTGACTGCAGATCAAGAGGTCCCCGG	1
TTGACTGCAGATCAAGAGGTCCCCGGTT	2
TTGATAGAGTAAATAATAGGAGC	1
TTGATAGAGTAAATAATAGGAGCTTAAACCC	1
TTGATTAGGGTGCTTAGCTGTTAACT	2
TTGCACGTATGAGGCCCCGGGT	3
TTGCGACCCGGGTTCGATTCC	2
TTGGCCTCCTAAGCCAGGGATTGTGGGT	2
TTGGGTCCGAGAGGTCCCGGGT	1
TTGGGTGCGAGAGGTC	1
TTGGGTGCGAGAGGTCCC	3
TTGGGTGCGAGAGGTCCCGGG	1
TTGGGTGCGAGAGGTCCCGGGT	30
TTGGGTGCGAGAGGTCCCGGGTT	8
TTGGTCGTGGTTGTAGTC	3
TTGGTCGTGGTTGTAGTCCGTGCGAGA	2
TTGGTCGTGGTTGTAGTCCGTGCGAGAA	5
TTGGTCGTGGTTGTAGTCCGTGCGAGAAT	4
TTGGTGGTTCAGTGGTAGAATTCTCGCCTGCCACGCGGGAGGCCC	3
TTGTAAACCGGAGATGAAAACCTTTTTCCAAGGACA	1
TTGTAAACCGGAGATGAAAACCTTTTTCCAAGGACACC	1
TTGTAAACCGGAGATGAAAACCTTTTTCCAAGGACACCA	3
TTGTGAATCTGACAACAGAGGCTTACGACCCCTTATTTACCCC	3
TTGTGAGTTCGAGCCTCACCTGGAGCACCA	2
TTGTGGCCGCAGCAACC	4
TTTAAGTCCCATTGGTC	1
TTTCAACTTAACTTGACCGCTCTGACC	1
TTTCCGTAGTGTAGTGGTCATCACGTTCGCC	3
TTTCCGTAGTGTAGTGGTCATCACGTTCGCCT	3
TTTCCGTAGTGTAGTGGTTATCACGTTCGCCTCACACG	3
TTTGAATCCAGCGATCCGAGT	2
TTTGAATCCAGCGATCCGAGTT	1
TTTGAATCCAGCGATCCGAGTTC	1
TTTGATAGAGTAAATAATAGGAGC	1
TTTGCACGTATGAGGCCCCGGGTTCA	1
TTTGCATGTATGAGGCCCCGGGTTCGATCCCCGGCA	1
TTTGGGGGGTTCGATTC	1
TTTGGGTGCGAGAGGTCC	1
TTTGGGTGCGAGAGGTCCC	3
TTTGGGTGCGAGAGGTCCCG	2
TTTGGGTGCGAGAGGTCCCGGG	1
TTTGGGTGCGAGAGGTCCCGGGT	19
TTTGGGTGCGAGAGGTCCCGGGTT	4
TTTTCACCCAGGCGGCC	3
TTTTCACCCAGGCGGCCC	2
TTTTCACCCAGGCGGCCCGGGT	1
TTTTCACCCAGGCGGCCCGGGTTCGACTCCCGGTGTGGGAACCA	2
TTTTCATATCATTGGTCGTGGTTGTAGTCCGTGCGAGAATACC	1
TTTTTCATATCATTGGTCGTGGTTGTAGTCCGTGCGAGAATACCA	1
